id,type,name,aliases,region,country,city,lat,lon,facets,what,prices,legality_rows,kin,sources,tier,confidence,needs_verification,updated,url
argentina,destination,Argentina,República Argentina|Argentine Republic,south-america,AR,,-34.6037,-58.3816,"{""iso2"": ""AR"", ""direction"": ""inbound"", ""currency"": ""ARS"", ""languages"": [""Spanish""], ""draws"": [""rhinoplasty"", ""breast-augmentation"", ""liposuction"", ""dental-implant""]}","A regional cosmetic and dental destination with a deep specialist base and a currency that has moved faster than its price lists. Buenos Aires carries almost all of it. The foreign share is modest and regional: a median 5.0% of patients from other locations, at the worldwide median, with an average of 11.6%.",0,0,brazil|rhinoplasty|breast-augmentation|dental-implant|isaps|package-price|counting-patients,s:isaps-global-survey-2024|s:sacper|s:natural-earth,cited,medium,True,2026-09-16,https://nanobotco.github.io/care-abroad/country/argentina/
australia,destination,Australia,Commonwealth of Australia,oceania,AU,,-33.8688,151.2093,"{""iso2"": ""AU"", ""direction"": ""outbound"", ""currency"": ""AUD"", ""languages"": [""English""], ""draws"": []}","A country people leave for dental and cosmetic work and almost never arrive at for either. Australians fly to Thailand, Türkiye, Malaysia, South Korea and India for procedures their own system either does not fund or prices out of reach; Medicare does not follow them, and private cover usually does not either. The best-measured thing about the flow is what comes back: patients presenting at Australian public hospitals with complications after surgery abroad.",0,0,thailand|turkiye|abdominoplasty|dental-implant|revision-at-home|follow-up-gap|insurance-exclusions|surgical-site-infection|is-it-cheaper,s:anzjs-cosmetic-tourism-2026|s:betterhealth-vic-medical-tourism|s:asps-cosmetic-tourism-2024|s:natural-earth|s:worldbank-open-data,cited,high,False,2026-09-16,https://nanobotco.github.io/care-abroad/country/australia/
belgium,destination,Belgium,België|Belgique|Belgien|Royaume de Belgique,europe-west,BE,,50.8503,4.3517,"{""iso2"": ""BE"", ""direction"": ""inbound"", ""currency"": ""EUR"", ""languages"": [""Dutch"", ""French"", ""German"", ""English""], ""draws"": [""ivf"", ""egg-donation"", ""sperm-donation"", ""hip-replacement"", ""knee-replacement""]}","The classic European cross-border case: a small country with spare hospital capacity, short waits and three land borders, which has been treating its neighbours' patients since long before the EU wrote a directive about it. Belgian fertility centres in particular draw patients from across Western Europe. And Belgium is the country that could not report its own cross-border numbers to the Commission, because its sickness funds do not collect them the same way.",0,0,ivf|egg-donation|eu-directive-2011-24|eu-national-contact-points|germany|spain|counting-patients|donor-anonymity-law,s:ec-crossborder-2022|s:shenfield-2010|s:eu-directive-2011-24|s:natural-earth,cited,medium,True,2026-09-16,https://nanobotco.github.io/care-abroad/country/belgium/
brazil,destination,Brazil,República Federativa do Brasil|Federative Republic of Brazil,south-america,BR,,-15.7939,-47.8828,"{""iso2"": ""BR"", ""direction"": ""inbound"", ""currency"": ""BRL"", ""languages"": [""Portuguese""], ""draws"": [""liposuction"", ""breast-augmentation"", ""abdominoplasty"", ""bbl"", ""facelift""]}","The country that performs more cosmetic surgery than any other and exports very little of it. In the ISAPS survey of 2024, Brazilian plastic surgeons accounted for 2,354,513 surgical procedures — 13.5% of the world's, more than the United States — inside a total of 3,123,758. The foreign share of that work is small. Brazil is on this site as the largest domestic cosmetic market in the world, and as a destination that is smaller than its reputation.",0,0,albert-einstein-sao-paulo|liposuction|abdominoplasty|bbl|colombia|argentina|isaps|counting-patients,s:isaps-global-survey-2024|s:sbcp|s:natural-earth,cited,medium,True,2026-09-16,https://nanobotco.github.io/care-abroad/country/brazil/
canada,destination,Canada,Dominion of Canada,north-america,CA,,45.4215,-75.6972,"{""iso2"": ""CA"", ""direction"": ""outbound"", ""currency"": ""CAD"", ""languages"": [""English"", ""French""], ""draws"": [""knee-replacement"", ""hip-replacement"", ""cataract-surgery"", ""dental-implant""]}","One of the two largest source markets in the world, and the one whose patients leave for a date rather than a discount. Provincial insurance covers medically necessary hospital and physician care at home; it does not cover the wait, and it barely follows a patient across the border. Canadians appear as inbound patients in Mexico, Costa Rica, the Caribbean and the United States, and Canadian surgeons appear in this site's data mostly as the comparison.",0,0,united-states|mexico|costa-rica|knee-replacement|hip-replacement|cataract-surgery|oecd-waiting-times|follow-up-gap|insurance-exclusions,s:cihi-wait-times-2025|s:cihi-joint-replacement-waits|s:canada-health-act|s:cdc-yellowbook-medical-tourism|s:natural-earth,cited,high,True,2026-09-16,https://nanobotco.github.io/care-abroad/country/canada/
china,destination,China,中华人民共和国|People's Republic of China|PRC,east-asia,CN,,31.2304,121.4737,"{""iso2"": ""CN"", ""direction"": ""both"", ""currency"": ""CNY"", ""languages"": [""Mandarin"", ""English""], ""draws"": [""proton-therapy"", ""car-t""]}","Two flows at once. Chinese patients are among the largest groups of foreign patients recorded in South Korea and Japan; inside China, a designated zone at Boao Lecheng on Hainan is allowed to use medicines and devices approved abroad but not yet registered on the mainland, which turns a regulatory gap into a destination.",0,0,south-korea|japan|car-t|proton-therapy|stem-cell-regulation|circumvention|transplant-prohibition|istanbul-declaration-2008|counting-patients,s:govcn-lecheng-2025|s:mohw-kr-foreign-patients-2024|s:worldbank-open-data|s:osm,cited,medium,True,2026-09-16,https://nanobotco.github.io/care-abroad/country/china/
colombia,destination,Colombia,República de Colombia|Republic of Colombia,south-america,CO,,4.711,-74.0721,"{""iso2"": ""CO"", ""direction"": ""inbound"", ""currency"": ""COP"", ""languages"": [""Spanish"", ""English""], ""draws"": [""liposuction"", ""bbl"", ""breast-augmentation"", ""rhinoplasty"", ""abdominoplasty""]}","The South American country whose surgeons report the highest share of foreign patients anywhere in the ISAPS survey. Cosmetic surgery is the trade — liposuction, buttock augmentation, breast and body work — concentrated in Medellín and Bogotá, sold mostly to the United States and to Colombians living abroad. The country also runs a large domestic insurance system that the visiting patient does not touch.",0,0,medellin|bogota|clinica-las-americas|fundacion-santa-fe|bbl|liposuction|bbl-mortality|surgical-site-infection|united-states|isaps,s:isaps-global-survey-2024|s:cdc-yellowbook-medical-tourism|s:natural-earth,cited,medium,True,2026-09-16,https://nanobotco.github.io/care-abroad/country/colombia/
costa-rica,destination,Costa Rica,República de Costa Rica|Republic of Costa Rica,central-america,CR,,9.9281,-84.0907,"{""iso2"": ""CR"", ""direction"": ""inbound"", ""currency"": ""CRC"", ""languages"": [""Spanish"", ""English""], ""draws"": [""dental-implant"", ""all-on-four"", ""full-mouth-restoration"", ""abdominoplasty""]}","The Central American destination that organised itself earliest. Dentistry and cosmetic surgery are the volume trades, sold to North Americans on a two-to-three-hour flight from Houston or Miami, and the country's private hospitals in San José take the complex work. Costa Rica also runs a universal public system, the Caja, which the visiting patient does not enter and is not counted by.",0,0,san-jose-cr|promed|clinica-biblica|hospital-cima-san-jose|dental-implant|all-on-four|united-states|panama|jci,s:clinica-biblica|s:camara-costarricense-salud|s:cdc-yellowbook-medical-tourism|s:natural-earth,cited,medium,True,2026-09-16,https://nanobotco.github.io/care-abroad/country/costa-rica/
croatia,destination,Croatia,Hrvatska|Republika Hrvatska,europe-central,HR,,45.815,15.9819,"{""iso2"": ""HR"", ""direction"": ""both"", ""currency"": ""EUR"", ""languages"": [""Croatian"", ""Italian"", ""German"", ""English""], ""draws"": [""dental-implant"", ""dental-crown"", ""all-on-four"", ""veneers""]}","A border dental trade with a coastline attached. Croatian practices in Istria and around Rijeka are within a short drive of northern Italy, Slovenia and Austria, and they price and advertise for those markets; the treatment is itemised dental work paid privately, and the holiday is the reason the second week of the trip is bookable at all.",0,0,dental-implant|all-on-four|hungary|romania|eu-directive-2011-24|counting-patients,s:ec-crossborder-2022|s:eu-directive-2011-24|s:natural-earth,cited,low,True,2026-09-16,https://nanobotco.github.io/care-abroad/country/croatia/
cuba,destination,Cuba,República de Cuba|Republic of Cuba,caribbean,CU,,23.1136,-82.3666,"{""iso2"": ""CU"", ""direction"": ""inbound"", ""currency"": ""CUP"", ""languages"": [""Spanish"", ""English""], ""draws"": [""addiction-rehab"", ""cataract-surgery"", ""executive-health-screening""]}","The one destination in this directory where the seller is the state. Cuba markets treatment to foreigners through a single government commercial entity, Servicios Médicos Cubanos, which lists medical assistance, teaching and academic services, wellness care, pharmacy and optical services, border medical services and medical services provided abroad. Cuba also sends doctors overseas under government contracts, which makes it an exporter of clinicians as well as a destination for patients. And it is the only destination here whose largest neighbouring source market is restricted by that neighbour's own law.",0,0,havana|united-states|canada|dominican-republic|addiction-rehab|circumvention-travel|insurance-exclusions,s:smc-cuba|s:cfr-31-515-560|s:natural-earth,cited,medium,True,2026-09-16,https://nanobotco.github.io/care-abroad/country/cuba/
cyprus,destination,Cyprus,Κύπρος|Kıbrıs|Republic of Cyprus|Κυπριακή Δημοκρατία,europe-south,CY,,35.1856,33.3823,"{""iso2"": ""CY"", ""direction"": ""both"", ""currency"": ""EUR"", ""languages"": [""Greek"", ""English"", ""Turkish""], ""draws"": [""ivf"", ""egg-donation"", ""icsi"", ""pgt""]}","An EU island whose fertility clinics work under a single national statute and a council that licenses them. The Republic of Cyprus runs medically assisted reproduction under the Law of 2015, 69(I)/2015, amended four times since, and a Council of Medically Assisted Reproduction that publishes the framework. The island's other jurisdiction, across the line, writes its own rules — which is the whole reason patients compare the two.",0,1,north-cyprus|nicosia|ivf|egg-donation|donor-anonymity-law|greece|eu-directive-2011-24|circumvention,s:cmar-cyprus|s:ec-crossborder-2022|s:eu-directive-2011-24|s:natural-earth,cited,medium,True,2026-09-16,https://nanobotco.github.io/care-abroad/country/cyprus/
czechia,destination,Czechia,Czech Republic|Česko|Česká republika,europe-central,CZ,,50.0755,14.4378,"{""iso2"": ""CZ"", ""direction"": ""both"", ""currency"": ""CZK"", ""languages"": [""Czech"", ""English"", ""German"", ""Italian""], ""draws"": [""ivf"", ""egg-donation"", ""icsi"", ""pgt"", ""dental-implant""]}","Europe's second workshop for donor-egg treatment, and a border country whose clinics are the destination for more authorised cross-border patients than anywhere else in the EU. Czech fertility clinics publish euro price lists, run waiting times for donated eggs measured in weeks rather than years, and draw patients from Germany, Italy, Britain and the Nordic countries. The country runs no prior-authorisation system of its own for care abroad.",3,0,prague|egg-donation|ivf|donor-anonymity-law|spain|germany|poland|reproductive-exile|eshre,s:eshre-eim-2019|s:shenfield-2010|s:ec-crossborder-2022|s:pronatal-prices|s:natural-earth,cited,medium,True,2026-09-16,https://nanobotco.github.io/care-abroad/country/czechia/
dominican-republic,destination,Dominican Republic,República Dominicana|DR,caribbean,DO,,18.4861,-69.9312,"{""iso2"": ""DO"", ""direction"": ""inbound"", ""currency"": ""DOP"", ""languages"": [""Spanish"", ""English""], ""draws"": [""liposuction"", ""abdominoplasty"", ""bbl"", ""breast-augmentation""]}","A Caribbean cosmetic surgery destination, two to four hours from the US east coast, selling body contouring largely to women travelling from the United States. It also carries the longest published outbreak record of any destination in this directory: two multi-state clusters of rapidly growing nontuberculous mycobacteria — environmental bacteria that infect surgical wounds and take months of antibiotics to clear — traced to cosmetic surgery here, four years apart, and named in the CDC's own chapter on care abroad.",0,0,santo-domingo|dominican-republic-ntm-outbreak|nontuberculous-mycobacteria|surgical-site-infection|liposuction|abdominoplasty|bbl|revision-at-home|follow-up-gap|united-states,s:mmwr-ntm-dominican-2018|s:mmwr-ntm-dominican-2014|s:cdc-yellowbook-medical-tourism|s:natural-earth,cited,high,True,2026-09-16,https://nanobotco.github.io/care-abroad/country/dominican-republic/
egypt,destination,Egypt,جمهورية مصر العربية|Arab Republic of Egypt|Miṣr,africa-north,EG,,30.0444,31.2357,"{""iso2"": ""EG"", ""direction"": ""inbound"", ""currency"": ""EGP"", ""languages"": [""Arabic"", ""English""], ""draws"": [""dental-implant"", ""hair-transplant-fue"", ""lasik"", ""rhinoplasty""]}","The Arab world's largest country selling private care to visitors, mostly cosmetic, dental, hair and eye work, to buyers from the Gulf, Libya, Sudan and Europe. Behind that trade sits a domestic system where households pay for most of their own care: out-of-pocket spending has run at more than 60 per cent of total health expenditure, and the 1,145 private hospitals counted in 2021 exist substantially to take that money from Egyptians, not from foreigners.",0,0,cairo|tunisia|jordan|dental-implant|hair-transplant-fue|world-bank-out-of-pocket|what-the-data-cannot-see,s:wp-healthcare-egypt|s:natural-earth|s:worldbank-open-data,cited,low,True,2026-09-16,https://nanobotco.github.io/care-abroad/country/egypt/
georgia,destination,Georgia,საქართველო|Sakartvelo,west-asia|europe-east,GE,,41.7151,44.8271,"{""iso2"": ""GE"", ""direction"": ""both"", ""currency"": ""GEL"", ""languages"": [""Georgian"", ""Russian"", ""English""]}","A small, almost entirely privatised health system on the edge of Europe, selling to patients from the Caucasus, the Russian-speaking world and the Gulf. Its draw is a combination three other destinations rarely offer together: no visa for most arrivals, prices below Türkiye's, and a set of treatments that are lawful here and restricted next door.",0,0,tbilisi|turkiye|surrogacy|circumvention-travel,s:wp-healthcare-georgia|s:natural-earth,cited,low,True,2026-09-17,https://nanobotco.github.io/care-abroad/country/georgia/
germany,destination,Germany,Deutschland|Bundesrepublik Deutschland,europe-west,DE,,52.52,13.405,"{""iso2"": ""DE"", ""direction"": ""both"", ""currency"": ""EUR"", ""languages"": [""German"", ""English"", ""Russian"", ""Arabic""], ""draws"": [""proton-therapy"", ""bone-marrow-transplant"", ""cabg"", ""executive-health-screening"", ""gamma-knife""]}","An inbound destination for complex care and an outbound one for everything cheap. German university hospitals run international offices that take patients from Russia, the Gulf, the Netherlands and Eastern Europe for oncology, cardiac and neurosurgical work billed at German rates; German residents, meanwhile, file more cross-border reimbursement claims than any country in the EU except France, mostly for dentistry and routine care over a nearby border.",0,0,charite-international|heidelberg-university-hospital|proton-therapy|czechia|poland|hungary|eu-directive-2011-24|drg|counting-patients,s:aerzteblatt-auslaendische-patienten-2009|s:ec-crossborder-2022|s:shenfield-2010|s:eu-directive-2011-24|s:natural-earth,cited,medium,True,2026-09-16,https://nanobotco.github.io/care-abroad/country/germany/
greece,destination,Greece,Ελλάδα|Hellenic Republic|Ελληνική Δημοκρατία,europe-south,GR,,37.9838,23.7275,"{""iso2"": ""GR"", ""direction"": ""both"", ""currency"": ""EUR"", ""languages"": [""Greek"", ""English""], ""draws"": [""ivf"", ""egg-donation"", ""surrogacy"", ""icsi"", ""dental-implant""]}","A fertility destination with a court in the middle of it. Greek clinics run donor-egg and IVF programmes for patients from Britain, Italy, Germany and the Balkans; Greek surrogacy is distinctive in Europe because a court authorises the arrangement in advance rather than a registry resolving it afterwards. The rest of Greek cross-border care is small: 56 reimbursement requests in 2022, of which 54 were granted.",0,0,ivf|egg-donation|surrogacy|surrogacy-law|cyprus|spain|eu-directive-2011-24,s:ec-crossborder-2022|s:eu-directive-2011-24|s:natural-earth,cited,low,True,2026-09-16,https://nanobotco.github.io/care-abroad/country/greece/
hungary,destination,Hungary,Magyarország,europe-central,HU,,47.4979,19.0402,"{""iso2"": ""HU"", ""direction"": ""inbound"", ""currency"": ""HUF"", ""languages"": [""Hungarian"", ""German"", ""English""], ""draws"": [""dental-implant"", ""all-on-four"", ""dental-crown"", ""veneers"", ""full-mouth-restoration""]}","The oldest dental corridor in Europe, built on a border. Austrian patients crossed to Sopron for crowns and implants before Hungary joined the EU; Budapest practices now draw from further away and sell whole treatment plans across two trips. The work is almost entirely dental and almost entirely private, paid out of pocket, and it sits beside a Hungarian public health system the visiting patient never sees.",0,0,budapest|dental-implant|all-on-four|germany|poland|eu-directive-2011-24|revision-at-home|package-price,s:osterle-2009-hungary|s:kovacs-szocska-2013-hungary|s:ec-crossborder-2022|s:eu-directive-2011-24|s:natural-earth,cited,medium,True,2026-09-16,https://nanobotco.github.io/care-abroad/country/hungary/
india,destination,India,भारत|Republic of India|Bharat,south-asia,IN,,13.0827,80.2707,"{""iso2"": ""IN"", ""direction"": ""inbound"", ""currency"": ""INR"", ""languages"": [""English"", ""Hindi"", ""Bengali"", ""Arabic"", ""Tamil""], ""draws"": [""cabg"", ""kidney-transplant"", ""liver-transplant"", ""bone-marrow-transplant"", ""knee-replacement"", ""ivf"", ""panchakarma""]}","The inbound flow an immigration desk counts. India issues a medical visa and an attendant visa, and the arrival is recorded by purpose, so the figure a reader gets is an arrivals count rather than a hospital's estimate of itself. In 2025 that count was 507,244, against 9.15 million foreign arrivals of every kind. The work is heavy — cardiac surgery, transplants, cancer, orthopaedics — and the patients come overwhelmingly from India's own region.",0,0,india-e-medical-visa|chennai|delhi-ncr|mumbai|bengaluru|apollo-chennai|narayana-health|nabh|cabg|kidney-transplant|panchakarma|ndm-1-2010|counting-patients|thailand,s:pib-medical-wellness-tourism-2026|s:worldbank-open-data|s:osm|s:cdc-yellowbook-medical-tourism,cited,high,False,2026-09-16,https://nanobotco.github.io/care-abroad/country/india/
indonesia,destination,Indonesia,Republik Indonesia|Republic of Indonesia,southeast-asia,ID,,-6.2088,106.8456,"{""iso2"": ""ID"", ""direction"": ""outbound"", ""currency"": ""IDR"", ""languages"": [""Indonesian"", ""English""]}","The largest source market in Southeast Asia, and the country whose departing patients built its neighbours' hospitals. Indonesians fly to Penang, Kuala Lumpur and Singapore in numbers their own government describes in the hundreds of thousands to a million a year, and the state has spent a decade trying to keep them home.",0,0,malaysia|penang|singapore|thailand|executive-health-screening|follow-up-gap|who-travels|world-bank-health-spending,s:antara-indonesia-outbound-2022|s:wp-medical-tourism-malaysia|s:worldbank-open-data|s:osm,cited,medium,True,2026-09-16,https://nanobotco.github.io/care-abroad/country/indonesia/
iran,destination,Iran,ایران|Islamic Republic of Iran|Persia,west-asia,IR,,35.6892,51.389,"{""iso2"": ""IR"", ""direction"": ""both"", ""currency"": ""IRR"", ""languages"": [""Persian"", ""Arabic"", ""Azerbaijani"", ""English""], ""draws"": [""rhinoplasty"", ""hair-transplant-fue"", ""ivf""]}","A large regional destination that operates outside the international payment system. Iran's tourism minister said in June 2025 that the country had received 1.2 million health travellers in the previous Iranian year, generating more than two billion dollars, and set a target of more than two million a year under the Seventh Development Plan. The patients come from neighbouring states; the work is cosmetic surgery, fertility treatment and general specialist care.",0,0,rhinoplasty|hair-transplant-fue|ivf|turkiye|facilitator|deposit-and-refund|malpractice-recourse|counting-patients|the-price-that-isnt,s:tehran-times-health-travel-2025|s:worldbank-open-data|s:osm,cited,medium,True,2026-09-16,https://nanobotco.github.io/care-abroad/country/iran/
ireland,destination,Ireland,Republic of Ireland|Éire,europe-west,IE,,53.3498,-6.2603,"{""iso2"": ""IE"", ""direction"": ""both"", ""currency"": ""EUR"", ""languages"": [""English"", ""Irish""]}","A country that mostly sends patients out and takes very few in. The driver is the public hospital waiting list, which the National Treatment Purchase Fund publishes every month, and there are three ways off it that involve leaving: the Cross Border Directive scheme to another EU or EEA state, the Northern Ireland Planned Healthcare Scheme to private providers across the land border, and the Treatment Abroad Scheme, which is Ireland's S2 route for care the public system cannot provide in time. All three end in a form. Two of them start with the patient paying the bill.",0,0,united-kingdom|spain|poland|lithuania|eu-directive-2011-24|s2-route|cataract-surgery|drg|abortion-care|oecd-waiting-times|waiting-lists|counting-patients,s:ntpf-august-2026|s:ntpf-may-2026|s:ec-crossborder-2024|s:hse-cbd-scheme|s:hse-cbd-how-to-get|s:hse-niphs-getting|s:hse-niphs-claim|s:hse-cbd-niphs-drg-guide|s:hse-abf-2024-inpatient|s:hse-tas|s:ec-cross-border-overview|s:natural-earth,cited,high,False,2026-09-17,https://nanobotco.github.io/care-abroad/country/ireland/
israel,destination,Israel,מדינת ישראל|State of Israel,west-asia,IL,,32.0853,34.7818,"{""iso2"": ""IL"", ""direction"": ""inbound"", ""currency"": ""ILS"", ""languages"": [""Hebrew"", ""Arabic"", ""English"", ""Russian""], ""draws"": [""ivf"", ""proton-therapy"", ""bone-marrow-transplant"", ""car-t""]}","A small inbound trade run largely inside public hospitals, regulated since 2019 by a statute that exists to stop foreign patients from displacing Israeli ones. The Ministry of Health puts arrivals at roughly 30,000 a year on Ministry of Tourism data, most of them from Russia, Ukraine, eastern Europe, Cyprus and neighbouring countries. Israel also sits inside a system of movement permits that determines whether Palestinian patients referred out of the occupied territory reach their appointments, and that system is counted separately, by the World Health Organization.",0,0,tel-aviv|sheba|hadassah|jordan|advertising-rules|facilitator|the-escort-burden|ivf|who,s:israel-moh-medical-tourism|s:loc-israel-medical-tourism-law|s:who-a76-15-opt|s:natural-earth|s:worldbank-open-data,cited,medium,True,2026-09-16,https://nanobotco.github.io/care-abroad/country/israel/
japan,destination,Japan,日本|Nippon|Nihon,east-asia,JP,,35.6895,139.6917,"{""iso2"": ""JP"", ""direction"": ""both"", ""currency"": ""JPY"", ""languages"": [""Japanese"", ""English"", ""Mandarin""], ""draws"": [""proton-therapy"", ""car-t"", ""executive-health-screening""]}","A country with a Medical Stay visa, a national programme to receive foreign patients, and no published count of how many arrive for treatment. Japan's measurable role in cross-border care is the opposite of its reputation: in 2024 Japanese patients were the largest single group of foreign patients recorded in South Korea.",0,0,south-korea|proton-therapy|car-t|executive-health-screening|language-consent|what-the-data-cannot-see|taiwan,s:mhlw-foreign-patient-survey|s:mofa-jp-visa-statistics|s:mohw-kr-foreign-patients-2024|s:worldbank-open-data|s:osm,cited,medium,True,2026-09-16,https://nanobotco.github.io/care-abroad/country/japan/
jordan,destination,Jordan,المملكة الأردنية الهاشمية|Hashemite Kingdom of Jordan,west-asia,JO,,31.9454,35.9284,"{""iso2"": ""JO"", ""direction"": ""inbound"", ""currency"": ""JOD"", ""languages"": [""Arabic"", ""English""], ""draws"": [""cabg"", ""ivf"", ""kidney-transplant"", ""gastric-sleeve""]}","The Arab world's long-standing destination for patients from its own region. Jordan's private hospitals have taken patients from Iraq, Libya, Yemen, Sudan, Syria and Palestine for decades, and the trade association that speaks for those hospitals publishes an annual figure for them. The flow is driven by war, sanctions and health systems that stopped functioning, not by price shopping, and describing it as a bargain hunt misdescribes almost every patient in it.",0,0,amman|king-hussein-cancer-center|israel|saudi-arabia|schengen-medical-visa|who-travels|counting-patients|world-bank-health-spending,s:agbi-jordan-2026|s:jordantimes-2016-drop|s:wp-pha-jordan|s:natural-earth|s:worldbank-open-data,cited,medium,True,2026-09-16,https://nanobotco.github.io/care-abroad/country/jordan/
kenya,destination,Kenya,Republic of Kenya|Jamhuri ya Kenya,africa-east,KE,,-1.2921,36.8219,"{""iso2"": ""KE"", ""direction"": ""outbound"", ""currency"": ""KES"", ""languages"": [""Swahili"", ""English""], ""draws"": []}","A source market. Kenyans with money or with an employer scheme fly to India for cancer treatment, cardiac surgery, transplants and neurosurgery; Kenyans without either do not go. India's own tourism ministry counted 9,357 arrivals from Kenya for medical purposes in 2025, which makes Kenya the seventh-largest source country on India's published list. Nairobi is also a regional referral centre for its own neighbours, which is the part of the picture a departures-only reading loses.",0,0,india|india-e-medical-visa|nigeria|south-africa|facilitator|apollo-chennai|who-travels|world-bank-doctors,s:pib-india-mvt-2026|s:natural-earth|s:worldbank-open-data,cited,medium,True,2026-09-16,https://nanobotco.github.io/care-abroad/country/kenya/
lithuania,destination,Lithuania,Lietuva|Lietuvos Respublika,europe-north,LT,,54.6872,25.2797,"{""iso2"": ""LT"", ""direction"": ""both"", ""currency"": ""EUR"", ""languages"": [""Lithuanian"", ""English"", ""Russian""], ""draws"": [""dental-implant"", ""all-on-four"", ""rhinoplasty"", ""breast-augmentation"", ""abdominoplasty""]}","The smallest of the European dental and cosmetic corridors, and the one that grew on emigration. Lithuanian clinics in Vilnius, Kaunas and Klaipėda advertise in English and Norwegian as well as Lithuanian, and sell implant work, full-arch restorations and cosmetic surgery to patients from Ireland, Britain and the Nordic countries. The country operates no prior-authorisation system for its own residents seeking care abroad.",0,0,vilnius|dental-implant|ireland|poland|eu-directive-2011-24|flying-after-surgery,s:ec-crossborder-2022|s:eu-directive-2011-24|s:natural-earth,cited,low,True,2026-09-16,https://nanobotco.github.io/care-abroad/country/lithuania/
malaysia,destination,Malaysia,Federation of Malaysia,southeast-asia,MY,,3.139,101.6869,"{""iso2"": ""MY"", ""direction"": ""inbound"", ""currency"": ""MYR"", ""languages"": [""Malay"", ""English"", ""Mandarin"", ""Tamil"", ""Indonesian""], ""draws"": [""ivf"", ""executive-health-screening"", ""cabg"", ""knee-replacement""]}","A destination built on one neighbour. Malaysia's healthcare-travel figures are published by a council inside the Ministry of Health, and the patients behind them are mostly Indonesian, mostly arriving through Penang and Kuala Lumpur, and mostly buying screening, fertility and cardiac care rather than the cosmetic work that carries the trade's reputation elsewhere.",0,0,mhtc|malaysia-mhtc-licence|kuala-lumpur|penang|indonesia|gleneagles-kl|prince-court|island-hospital-penang|ivf|executive-health-screening|counting-patients|thailand,s:mhtc-mymt-2026|s:wp-medical-tourism-malaysia|s:worldbank-open-data|s:osm,cited,medium,True,2026-09-16,https://nanobotco.github.io/care-abroad/country/malaysia/
mexico,destination,Mexico,Estados Unidos Mexicanos|United Mexican States,mexico|north-america,MX,,19.4326,-99.1332,"{""iso2"": ""MX"", ""direction"": ""inbound"", ""currency"": ""MXN"", ""languages"": [""Spanish"", ""English""], ""draws"": [""dental-implant"", ""all-on-four"", ""gastric-sleeve"", ""gastric-bypass""]}","The country most US residents cross into for care, and the only destination on this site reachable on foot. The CDC's own chapter names it first in the list of places US patients most commonly travel to for care, ahead of Canada, the Caribbean and several countries in South America. The trade divides into three: dental streets in the border towns, weight-loss surgery in Tijuana and Monterrey, and cosmetic and orthopaedic work in the interior cities. The same chapter names Mexico in three of its documented outbreaks.",0,0,los-algodones|tijuana|monterrey|cancun|united-states|dental-implant|gastric-sleeve|mexico-fungal-meningitis-2023|fungal-meningitis|antimicrobial-resistance|revision-at-home|hospital-angeles-tijuana,s:cdc-yellowbook-medical-tourism|s:cdc-meningitis-matamoros|s:spurzem-bariatric-tourism-2025|s:adams-dental-tourism-2017|s:wp-los-algodones|s:isaps-global-survey-2024|s:natural-earth,cited,medium,True,2026-09-16,https://nanobotco.github.io/care-abroad/country/mexico/
morocco,destination,Morocco,المملكة المغربية|Royaume du Maroc|Kingdom of Morocco|ⵜⴰⴳⵍⴷⵉⵜ ⵏ ⵍⵎⵖⵔⵉⴱ,africa-north,MA,,34.0209,-6.8416,"{""iso2"": ""MA"", ""direction"": ""inbound"", ""currency"": ""MAD"", ""languages"": [""Arabic"", ""French"", ""Amazigh""], ""draws"": [""rhinoplasty"", ""liposuction"", ""hair-transplant-fue"", ""dental-implant""]}","A francophone cosmetic and dental destination that sells to France, to the Moroccan diaspora in Europe and to Gulf visitors, from specialised private clinics in five cities. It is the smaller of North Africa's two trades and the one where the gap between the promotion and the published evidence is widest: the country's own business press has described the sector as underperforming its advantages rather than leading the region.",0,0,tunisia|turkiye|hair-transplant-fue|dental-implant|facilitator|the-price-that-isnt|world-bank-doctors,s:laquotidienne-maroc-2022|s:wp-health-morocco|s:natural-earth|s:worldbank-open-data,cited,low,True,2026-09-16,https://nanobotco.github.io/care-abroad/country/morocco/
nepal,destination,Nepal,नेपाल|Federal Democratic Republic of Nepal,south-asia,NP,,27.7172,85.324,"{""iso2"": ""NP"", ""direction"": ""outbound"", ""currency"": ""NPR"", ""languages"": [""Nepali"", ""English"", ""Hindi""]}","A source market with one dominant destination and a published reason for going that is not the one the field assumes. A survey of 382 Nepali patients who had been treated abroad found 88.80 per cent went to India, and ranked the way they were treated at home above cost as the thing that moved them.",0,0,india|delhi-ncr|chennai|thailand|sri-lanka|kidney-transplant|follow-up-gap|who-travels|is-it-cheaper,s:biswakarma-nepal-outbound-2025|s:worldbank-open-data|s:osm,cited,medium,True,2026-09-16,https://nanobotco.github.io/care-abroad/country/nepal/
nigeria,destination,Nigeria,Federal Republic of Nigeria|Naijíríyà,africa-west,NG,,6.5244,3.3792,"{""iso2"": ""NG"", ""direction"": ""outbound"", ""currency"": ""NGN"", ""languages"": [""English"", ""Hausa"", ""Yoruba"", ""Igbo""], ""draws"": []}","Africa's largest source market by reputation and the one where the size of the outflow is least settled. Nigerian ministers have put the annual cost at figures ranging from roughly one billion to two billion US dollars; the country's own central bank publishes health-related travel outflows in its balance of payments, and the numbers reported from that series differ between accounts by orders of magnitude. This record carries no annual dollar figure, and the reason it does not is the subject of the page.",0,0,india|united-kingdom|uae|kenya|counting-patients|what-the-data-cannot-see|world-bank-out-of-pocket,s:allafrica-nigeria-pate-2025|s:pib-india-mvt-2026|s:natural-earth|s:worldbank-open-data,cited,low,True,2026-09-16,https://nanobotco.github.io/care-abroad/country/nigeria/
north-cyprus,destination,Northern Cyprus,Kuzey Kıbrıs|Turkish Republic of Northern Cyprus|KKTC|TRNC|N. Cyprus,europe-south,XN,,35.195,33.365,"{""iso2"": ""XN"", ""direction"": ""inbound"", ""currency"": ""TRY"", ""languages"": [""Turkish"", ""English""], ""draws"": [""ivf"", ""egg-donation"", ""sperm-donation"", ""pgt"", ""icsi""]}","A fertility destination whose whole proposition is a legal line on a small island. Clinics in the north treat patients who cannot get the same treatment at home or in the Republic, work under the Turkish Cypriot Ministry of Health rather than the EU's framework, and sell to Britain, Turkey, the Gulf and Israel. The code this project carries for it is XN, which is what data/geo/countries.json holds for the territory it labels N. Cyprus, ISO3 CYN — not an ISO 3166-1 assignment but the mapping code the site's geometry uses.",0,1,cyprus|nicosia|ivf|egg-donation|turkiye|donor-anonymity-law|malpractice-recourse|circumvention,s:trnc-moh-art-tuzuk|s:cmar-cyprus|s:natural-earth,cited,low,True,2026-09-16,https://nanobotco.github.io/care-abroad/country/north-cyprus/
panama,destination,Panama,República de Panamá|Republic of Panama,central-america,PA,,8.9824,-79.5199,"{""iso2"": ""PA"", ""direction"": ""inbound"", ""currency"": ""PAB"", ""languages"": [""Spanish"", ""English""], ""draws"": [""abdominoplasty"", ""liposuction"", ""dental-implant"", ""executive-health-screening""]}","The smallest of the three Latin American clusters this site carries, and the one with the fewest surgeons. Panama City has private hospitals, a US-dollar economy — the balboa is fixed one to one with the dollar and US notes circulate — and Tocumen airport, which connects the isthmus to most of the Americas. The trade sells cosmetic surgery, dentistry and health screening, mostly to Americans and to Venezuelans and Colombians in the region.",0,0,panama-city|costa-rica|colombia|united-states|executive-health-screening|abdominoplasty|isaps,s:isaps-global-survey-2024|s:cdc-yellowbook-medical-tourism|s:natural-earth,cited,medium,True,2026-09-16,https://nanobotco.github.io/care-abroad/country/panama/
philippines,destination,Philippines,Republic of the Philippines|Pilipinas,southeast-asia,PH,,14.5995,120.9842,"{""iso2"": ""PH"", ""direction"": ""both"", ""currency"": ""PHP"", ""languages"": [""English"", ""Filipino""], ""draws"": [""dental-implant"", ""lasik"", ""rhinoplasty""]}","A country that exports clinicians and has never managed to import many patients. Prices are competitive with its Asian neighbours, English is the working language of medicine, and the inbound trade has stayed small — concentrated in about twenty hospitals, served largely by the Filipino diaspora returning home, and, on the state's own account, barely measured at all.",0,0,dental-implant|lasik|thailand|malaysia|counting-patients|what-the-data-cannot-see|facilitator,s:pids-medical-tourism-2013|s:worldbank-open-data|s:osm,cited,medium,True,2026-09-16,https://nanobotco.github.io/care-abroad/country/philippines/
poland,destination,Poland,Polska|Rzeczpospolita Polska,europe-central,PL,,52.2297,21.0122,"{""iso2"": ""PL"", ""direction"": ""both"", ""currency"": ""PLN"", ""languages"": [""Polish"", ""English"", ""German""], ""draws"": [""dental-implant"", ""dental-crown"", ""veneers"", ""rhinoplasty"", ""breast-augmentation""]}","A dental and cosmetic destination whose first customers were its own emigrants. Polish practices price in sterling and euro, against columns labelled average UK price and average Irish price, because the patient flying in often has a Polish surname and a British dentist. Poland is also one of the heaviest users of the EU cross-border reimbursement route in the other direction: Poles going abroad, mostly next door.",1,0,warsaw|dental-implant|united-kingdom|ireland|czechia|hungary|eu-directive-2011-24|facilitator|the-price-that-isnt,s:ec-crossborder-2022|s:indexmedica-prices|s:eu-directive-2011-24|s:natural-earth,cited,medium,True,2026-09-16,https://nanobotco.github.io/care-abroad/country/poland/
portugal,destination,Portugal,Portuguesa|República Portuguesa,europe-south,PT,,38.7223,-9.1393,"{""iso2"": ""PT"", ""direction"": ""both"", ""currency"": ""EUR"", ""languages"": [""Portuguese"", ""English"", ""Spanish"", ""French""], ""draws"": [""ivf"", ""egg-donation"", ""dental-implant"", ""hip-replacement""]}","A country whose fertility market was rewritten by its own Constitutional Court. Portugal runs private clinics that treat Portuguese and foreign patients, but the rule on donor identity changed in 2018 and the donor supply changed with it. Portugal is also the one EU country that refused every cross-border reimbursement request it received in 2022.",0,1,spain|ivf|egg-donation|donor-anonymity-law|eu-directive-2011-24|reproductive-exile,s:tc-portugal-225-2018|s:ec-crossborder-2022|s:sef-registro-2022|s:eu-directive-2011-24|s:natural-earth,cited,medium,True,2026-09-16,https://nanobotco.github.io/care-abroad/country/portugal/
romania,destination,Romania,România,europe-east,RO,,44.4268,26.1025,"{""iso2"": ""RO"", ""direction"": ""both"", ""currency"": ""RON"", ""languages"": [""Romanian"", ""English"", ""Italian"", ""German""], ""draws"": [""dental-implant"", ""all-on-four"", ""veneers"", ""dental-crown""]}","A two-way country. Romanian dental groups in Bucharest, Cluj and Timișoara sell implant and full-arch work to Romanians living in Italy, Spain, Germany and Britain, and to their neighbours; at the same time Romanians travel out for care their own system cannot supply in time. Romania is also one of only two EU countries that has given itself a mechanism to limit patients coming in.",0,0,dental-implant|all-on-four|hungary|croatia|eu-directive-2011-24|who-travels,s:ec-crossborder-2022|s:eu-directive-2011-24|s:natural-earth,cited,low,True,2026-09-16,https://nanobotco.github.io/care-abroad/country/romania/
saudi-arabia,destination,Saudi Arabia,المملكة العربية السعودية|Kingdom of Saudi Arabia|KSA,gulf|west-asia,SA,,24.7136,46.6753,"{""iso2"": ""SA"", ""direction"": ""both"", ""currency"": ""SAR"", ""languages"": [""Arabic"", ""English""], ""draws"": [""cabg"", ""kidney-transplant"", ""bone-marrow-transplant""]}","A state that pays for its own citizens to be treated abroad through a committee route, and is at the same time rebuilding its hospital sector under a named national programme with the stated intention of keeping that care at home. The outbound programme is the flow with published numbers behind it. The inbound one is promoted, projected and forecast, but not counted in any figure this project could trace to a publisher.",0,0,gcc-sponsored-treatment-abroad|cbahi|uae|jordan|the-escort-burden|germany|counting-patients|world-bank-health-spending,s:gulfnews-saudi-treatment-abroad-2021|s:vision2030-hstp|s:natural-earth|s:worldbank-open-data,cited,medium,True,2026-09-16,https://nanobotco.github.io/care-abroad/country/saudi-arabia/
singapore,destination,Singapore,Republic of Singapore|新加坡共和国,southeast-asia,SG,,1.3521,103.8198,"{""iso2"": ""SG"", ""direction"": ""both"", ""currency"": ""SGD"", ""languages"": [""English"", ""Mandarin"", ""Malay"", ""Tamil"", ""Indonesian""], ""draws"": [""proton-therapy"", ""car-t"", ""bone-marrow-transplant"", ""executive-health-screening""]}","A city-state that counted its medical travellers, found the count did not survive inspection, and has not published a comparable one since. Singapore takes complex and expensive work — oncology, transplant, difficult paediatrics — from Indonesia, Malaysia, Vietnam and the region's wealthy, and it competes on diagnosis rather than on price.",0,0,singapore-city|mount-elizabeth|raffles-hospital|indonesia|malaysia|proton-therapy|car-t|counting-patients|what-the-data-cannot-see,s:moh-sg-medical-travellers-2009|s:worldbank-open-data|s:osm,cited,medium,True,2026-09-16,https://nanobotco.github.io/care-abroad/country/singapore/
south-africa,destination,South Africa,Republic of South Africa|RSA|Suid-Afrika|iNingizimu Afrika,africa-south,ZA,,-26.2041,28.0473,"{""iso2"": ""ZA"", ""direction"": ""inbound"", ""currency"": ""ZAR"", ""languages"": [""English"", ""Afrikaans"", ""isiZulu"", ""Sesotho""], ""draws"": [""breast-augmentation"", ""liposuction"", ""abdominoplasty"", ""dental-implant"", ""ivf""]}","Sub-Saharan Africa's referral hospital and Europe's rand-priced cosmetic destination at the same time. South African Tourism's own survey of why visitors came put medical reasons at 1.8 per cent of international arrivals in 2016, and average foreign direct spend by those travellers at R10,600. The cosmetic and dental trade sells to the United Kingdom, the Netherlands and Germany; the larger flow by headcount comes from the rest of the continent.",0,0,johannesburg|kenya|nigeria|breast-augmentation|ivf|who-travels|world-bank-tourism-arrivals|counting-patients,s:wesgro-medical-tourism-study|s:crush-chikanda-2015|s:natural-earth|s:worldbank-open-data,cited,medium,True,2026-09-16,https://nanobotco.github.io/care-abroad/country/south-africa/
south-korea,destination,South Korea,Republic of Korea|대한민국|Korea,east-asia,KR,,37.5665,126.978,"{""iso2"": ""KR"", ""direction"": ""inbound"", ""currency"": ""KRW"", ""languages"": [""Korean"", ""English"", ""Mandarin"", ""Japanese"", ""Russian""], ""draws"": [""rhinoplasty"", ""hair-transplant-fue"", ""executive-health-screening"", ""spinal-fusion"", ""disc-replacement""]}","The fastest-moving inbound flow in Asia, and one of the few a state counts on a published series. Korea recorded 1.17 million foreign patients in 2024, nearly double the 610,000 of 2023, and 5.05 million cumulatively since it began attracting them in 2009. The work is mostly dermatology and plastic surgery; clinics took 82.0 per cent of it and the Seoul metropolitan area 85.4 per cent.",0,0,khidi|korea-foreign-patient-registration|seoul|samsung-medical-center|asan-medical-center|severance|wooridul|rhinoplasty|japan|taiwan|advertising-rules|counting-patients,s:mohw-kr-foreign-patients-2024|s:worldbank-open-data|s:osm,cited,high,False,2026-09-16,https://nanobotco.github.io/care-abroad/country/south-korea/
spain,destination,Spain,España|Reino de España,europe-south,ES,,40.4168,-3.7038,"{""iso2"": ""ES"", ""direction"": ""inbound"", ""currency"": ""EUR"", ""languages"": [""Spanish"", ""Catalan"", ""English"", ""French"", ""Italian""], ""draws"": [""ivf"", ""egg-donation"", ""icsi"", ""pgt"", ""egg-freezing""]}","The largest fertility destination in Europe, measured by its own national registry rather than by anyone's market estimate. Spanish clinics ran 27,564 cycles for patients resident in other countries in 2022, more than half of them with donated eggs. Spain receives; it barely sends. Its own residents made nine reimbursement requests under the EU cross-border Directive that year.",0,0,barcelona|egg-donation|ivf|czechia|portugal|united-kingdom|eu-directive-2011-24|reproductive-exile|what-the-data-cannot-see,s:sef-registro-2022|s:eshre-eim-2019|s:ec-crossborder-2022|s:shenfield-2010|s:eu-directive-2011-24|s:natural-earth,cited,high,False,2026-09-16,https://nanobotco.github.io/care-abroad/country/spain/
sri-lanka,destination,Sri Lanka,ශ්‍රී ලංකාව|இலங்கை|Democratic Socialist Republic of Sri Lanka|Ceylon,south-asia,LK,,6.9271,79.8612,"{""iso2"": ""LK"", ""direction"": ""both"", ""currency"": ""LKR"", ""languages"": [""Sinhala"", ""Tamil"", ""English""]}","A country with free public healthcare, strong population health for its income, and a short list of things it cannot do at home. Sri Lankans travel to India for cancer care, transplants and complex cardiac surgery; Colombo's private hospitals take a smaller flow the other way, mostly from the Maldives and from Sri Lankans living abroad. No official count of either direction was read for this record.",0,0,colombo|india|chennai|nepal|world-bank-health-spending|what-the-data-cannot-see,s:moh-lk-annual-health-bulletin|s:worldbank-open-data|s:osm,tradition,low,True,2026-09-16,https://nanobotco.github.io/care-abroad/country/sri-lanka/
switzerland,destination,Switzerland,Schweiz|Suisse|Svizzera|Svizra|Swiss Confederation,europe-west,CH,,46.948,7.4474,"{""iso2"": ""CH"", ""direction"": ""inbound"", ""currency"": ""CHF"", ""languages"": [""German"", ""French"", ""Italian"", ""English""], ""draws"": [""executive-health-screening"", ""addiction-rehab"", ""ivf"", ""gamma-knife"", ""knee-replacement""]}","The expensive end of the European market. Swiss private clinics and university hospitals sell complex care, screening and residential addiction treatment to foreign self-payers at Swiss prices, and Switzerland sends very few patients anywhere. It sits outside the EU cross-border Directive, which binds Member States, so none of the European reimbursement machinery reaches a Swiss bill.",0,0,executive-health-screening|addiction-rehab|germany|spain|eu-directive-2011-24|world-bank-health-spending|is-it-cheaper,s:shenfield-2010|s:eu-directive-2011-24|s:worldbank-open-data|s:natural-earth,tradition,low,True,2026-09-16,https://nanobotco.github.io/care-abroad/country/switzerland/
taiwan,destination,Taiwan,中華民國|Republic of China|Chinese Taipei,east-asia,TW,,25.033,121.5654,"{""iso2"": ""TW"", ""direction"": ""both"", ""currency"": ""TWD"", ""languages"": [""Mandarin"", ""Taiwanese Hokkien"", ""English"", ""Japanese""], ""draws"": [""ivf"", ""liver-transplant"", ""executive-health-screening""]}","A single-payer system with an international side bolted on. National Health Insurance covers residents, hospitals run international medical centres for everyone else, and the state has promoted the sector since the late 2000s. No national count of international patients was read for this record, so this page carries none.",0,0,taipei|south-korea|liver-transplant|ivf|japan|what-the-data-cannot-see,s:mohw-tw-health-welfare-report|s:mohw-kr-foreign-patients-2024|s:worldbank-open-data|s:osm,tradition,low,True,2026-09-16,https://nanobotco.github.io/care-abroad/country/taiwan/
thailand,destination,Thailand,ราชอาณาจักรไทย|Kingdom of Thailand,southeast-asia,TH,,13.7563,100.5018,"{""iso2"": ""TH"", ""direction"": ""both"", ""currency"": ""THB"", ""languages"": [""Thai"", ""English""], ""draws"": [""knee-replacement"", ""hip-replacement""]}","The country that made the package price ordinary. A tier of large private hospitals in Bangkok sells fixed-price operations to foreign patients, publishes what they cost, and has done so for long enough that the format spread from here to Kuala Lumpur, Delhi and Istanbul. Thailand also runs a public health system its own citizens use, and the two barely touch.",0,0,bangkok|bumrungrad|knee-replacement|package-price|counting-patients|world-bank-health-spending|chiang-mai|defiant,s:worldbank-open-data|s:cdc-yellowbook-medical-tourism|s:wp-bumrungrad|s:natural-earth,tradition,medium,True,2026-09-16,https://nanobotco.github.io/care-abroad/country/thailand/
tunisia,destination,Tunisia,الجمهورية التونسية|République tunisienne|Tunisian Republic,africa-north,TN,,36.8065,10.1815,"{""iso2"": ""TN"", ""direction"": ""inbound"", ""currency"": ""TND"", ""languages"": [""Arabic"", ""French""], ""draws"": [""rhinoplasty"", ""liposuction"", ""abdominoplasty"", ""dental-implant"", ""ivf""]}","North Africa's largest inbound care trade, run out of about a hundred specialised private clinics and sold in French. Libyans are the biggest group of foreign patients, then Algerians, then patients from sub-Saharan Africa; Europeans are a smaller share and come mostly for cosmetic surgery. A Tunisian health ministry official put the sector at roughly 3.5 billion dinars a year, more than a billion euros, and said it accounted for half the revenue of the whole tourism sector.",0,0,tunis|morocco|turkiye|rhinoplasty|ivf|follow-up-gap|package-price|counting-patients,s:afp-tunisia-2024|s:natural-earth|s:worldbank-open-data,cited,medium,True,2026-09-16,https://nanobotco.github.io/care-abroad/country/tunisia/
turkiye,destination,Türkiye,Turkey|Türkiye Cumhuriyeti|Republic of Türkiye,west-asia,TR,,39.9334,32.8597,"{""iso2"": ""TR"", ""direction"": ""inbound"", ""currency"": ""TRY"", ""languages"": [""Turkish"", ""English"", ""Arabic"", ""Russian"", ""German""], ""draws"": [""hair-transplant-fue"", ""dhi-hair-transplant"", ""dental-implant"", ""rhinoplasty"", ""gastric-sleeve""]}","The largest inbound trade in Europe, and the only one the state licenses as its own category. A facility that treats foreign patients must hold an international health tourism authorisation certificate from the Ministry of Health, and so must the agency that books them. Hair restoration, dental work, rhinoplasty and bariatric surgery carry the volume; the packages bundle hotel, transfers and an interpreter into the price and quote in euros, sterling or dollars rather than lira.",3,0,istanbul|antalya|izmir|turkiye-health-tourism-authorisation|turkiye-health-services-directorate|hair-transplant-fue|gastric-sleeve|turkiye-hair-boom|acibadem|counting-patients|united-kingdom|revision-at-home,s:rg-saglik-turizmi-2017|s:ushas-saglik-turizmi-verileri|s:cosmedica-price|s:carely-gastric-sleeve|s:ishrs-buyer-beware|s:gurtin-2011-turkey|s:wp-medical-tourism-turkiye|s:natural-earth|s:rg-32882-2025|s:tuik-turizm-2025|s:tuik-turizm-2026q2|s:rg-32182-2023-sac-ekimi,cited,high,True,2026-09-17,https://nanobotco.github.io/care-abroad/country/turkiye/
uae,destination,United Arab Emirates,UAE|الإمارات العربية المتحدة|Emirates,gulf|west-asia,AE,,24.4539,54.3773,"{""iso2"": ""AE"", ""direction"": ""both"", ""currency"": ""AED"", ""languages"": [""Arabic"", ""English"", ""Hindi"", ""Urdu"", ""Tagalog""], ""draws"": [""dental-implant"", ""hair-transplant-fue"", ""ivf"", ""rhinoplasty""]}","A federation of seven emirates that buys care abroad for its own citizens and sells care to visitors at the same time. Dubai licenses and counts an inbound trade of its own and publishes an annual number for it; a separate state programme, with its own bylaw, pays for Emiratis to be treated in Europe, the United States and Asia, and pays their escorts a daily allowance while they are there. Health regulation is emirate-level, not federal, so a clinic in Dubai, one in Abu Dhabi and one in Sharjah answer to three different licensing bodies.",0,0,dubai|gcc-sponsored-treatment-abroad|uae-clinic-licensing|american-hospital-dubai|dha-dubai|the-escort-burden|thailand|saudi-arabia|counting-patients,s:dubai-media-office-health-2023|s:dubai-resolution-14-2017|s:wp-dubai-healthcare-city|s:natural-earth|s:worldbank-open-data,cited,medium,True,2026-09-16,https://nanobotco.github.io/care-abroad/country/uae/
united-kingdom,destination,United Kingdom,UK|Britain|Great Britain and Northern Ireland,europe-west,GB,,51.5072,-0.1276,"{""iso2"": ""GB"", ""direction"": ""both"", ""currency"": ""GBP"", ""languages"": [""English""], ""draws"": [""proton-therapy"", ""executive-health-screening"", ""cabg"", ""bone-marrow-transplant""]}","A net exporter of patients with a small, profitable import trade. British patients travel for dentistry, hair restoration, cosmetic and bariatric surgery and fertility treatment; foreign patients arrive for complex care in London teaching hospitals and private clinics, some of them paid for by their own governments. The queue is the engine on the outbound side, and it is measured monthly.",0,0,turkiye|poland|hungary|spain|ireland|uk-nhs-treatment-abroad|hfea|revision-at-home|oecd-waiting-times|is-it-cheaper,s:nhs-rtt-july-2026|s:hanefeld-2013-nhs|s:whiteman-nhs-burden-2025|s:ahari-breast-unit-2024|s:nhs-cosmetic-surgery-abroad|s:sef-registro-2022|s:natural-earth,cited,high,False,2026-09-16,https://nanobotco.github.io/care-abroad/country/united-kingdom/
united-states,destination,United States,USA|US|United States of America,north-america,US,,38.8977,-77.0365,"{""iso2"": ""US"", ""direction"": ""both"", ""currency"": ""USD"", ""languages"": [""English"", ""Spanish""], ""draws"": [""proton-therapy"", ""car-t"", ""bone-marrow-transplant"", ""kidney-transplant""]}","The largest source market in the world and a major destination in the same breath. Americans leave for dentistry, weight-loss surgery, cosmetic surgery and fertility treatment, mostly southward and mostly by road or a short flight. Patients arrive from Canada, the Gulf, Latin America and beyond for the complex end — oncology, transplant, cell therapy — that few systems can staff. The federal entitlement most travellers assume they carry with them does not leave the country.",0,0,us-medicare-abroad|insurance-exclusions|mexico|canada|dominican-republic|proton-therapy|car-t|medical-travel|counting-patients|cdc-art-results|revision-at-home,s:medicare-travel-outside-us|s:cdc-yellowbook-medical-tourism|s:isaps-global-survey-2024|s:mdanderson-international|s:natural-earth,cited,high,True,2026-09-16,https://nanobotco.github.io/care-abroad/country/united-states/
vietnam,destination,Vietnam,Việt Nam|Socialist Republic of Vietnam,southeast-asia,VN,,10.8231,106.6297,"{""iso2"": ""VN"", ""direction"": ""both"", ""currency"": ""VND"", ""languages"": [""Vietnamese"", ""English""], ""draws"": [""dental-implant"", ""all-on-four"", ""veneers"", ""rhinoplasty""]}","A country that sends more money out for treatment than it takes in, and that is building a dental and cosmetic trade in Ho Chi Minh City on the difference. The figures published about it are estimates without a named author, and this record carries none of them as fact.",0,0,dental-implant|all-on-four|singapore|thailand|facilitator|counting-patients|follow-up-gap,s:vietnamplus-medical-travel-2026|s:worldbank-open-data|s:osm,cited,low,True,2026-09-16,https://nanobotco.github.io/care-abroad/country/vietnam/
amman,hub,Amman,عمّان,west-asia,JO,Amman,31.9497,35.9328,"{""iso2"": ""JO"", ""radius_km"": 15, ""specialty"": [""oncology"", ""cardiac surgery"", ""fertility"", ""bariatric surgery"", ""transplantation"", ""orthopaedics""], ""draws"": [""bone-marrow-transplant"", ""cabg"", ""ivf"", ""gastric-sleeve"", ""kidney-transplant""], ""languages"": [""Arabic"", ""English""]}","A capital of some five million people as of 2024, whose private hospitals sit in the modern western half of the city — the economic side, against the historic east — with the King Hussein Cancer Center on Queen Rania Street carrying 352 beds. Amman treats patients referred from Iraq, Palestine, Sudan, Syria, Libya and the Gulf, mostly for cancer, cardiac surgery, fertility and transplantation, and its private sector is organised enough to have had a trade association since 1984.",0,0,jordan|king-hussein-cancer-center|bone-marrow-transplant|cabg|the-escort-burden|the-visa|jci|counting-patients|dubai,s:wp-amman|s:wp-khcc|s:wp-pha-jordan|s:wp-health-in-jordan|s:osm,cited,medium,True,2026-09-16,https://nanobotco.github.io/care-abroad/city/amman/
antalya,hub,Antalya,Antalya clinic-and-hotel belt,west-asia,TR,Antalya,36.8869,30.7033,"{""iso2"": ""TR"", ""radius_km"": 25, ""specialty"": [""hair restoration"", ""dentistry"", ""cosmetic surgery"", ""bariatric surgery"", ""ophthalmology"", ""thermal and spa""], ""draws"": [""hair-transplant-fue"", ""all-on-four"", ""dental-implant"", ""rhinoplasty"", ""gastric-sleeve"", ""lasik""], ""languages"": [""Turkish"", ""Russian"", ""German"", ""English"", ""Arabic""]}","A Turkish Mediterranean city of 2,722,103 people in its metropolitan area, whose private clinics sit in the central Muratpaşa district and along the hotel strip at Lara, a short transfer from an airport that in 2020 carried more international passengers than Istanbul's two airports did. Antalya took more than 16.5 million foreign visitors in 2023. The health trade sells into that arrival machine: a resort room doubles as convalescence, and the invoice is frequently written by a licensed travel agency rather than by the hospital.",0,0,turkiye|istanbul|turkiye-health-tourism-authorisation|facilitator|hair-transplant-fue|all-on-four|gastric-sleeve|flying-after-surgery|package-price|reading-the-exclusions,s:wp-antalya|s:baka-antalya-2012|s:rg-saglik-turizmi-2017|s:osm,cited,high,False,2026-09-16,https://nanobotco.github.io/care-abroad/city/antalya/
bangkok,hub,Bangkok,กรุงเทพมหานคร|Krung Thep|Krung Thep Maha Nakhon,southeast-asia,TH,Bangkok,13.744,100.569,"{""iso2"": ""TH"", ""radius_km"": 25, ""specialty"": [""orthopaedics"", ""cardiology"", ""health screening"", ""fertility"", ""gender-affirming surgery"", ""dentistry"", ""oncology""], ""draws"": [""knee-replacement"", ""hip-replacement"", ""executive-health-screening"", ""dental-implant"", ""ivf"", ""vaginoplasty""], ""languages"": [""Thai"", ""English"", ""Arabic"", ""Japanese"", ""Mandarin""]}","The private-hospital quarter of Bangkok runs along two corridors about four kilometres apart. Sukhumvit carries Bumrungrad at 33 Soi 3 in Watthana and Samitivej at 133 Soi 49 in Khlong Tan Nuea; New Phetchaburi carries Bangkok Hospital at 2 Soi Phetchaburi 47, the lane the taxis still call Soi Soonvijai, in Bang Kapi, Huai Khwang. Add the university hospitals — Siriraj across the river, Chulalongkorn at Rama IV — and the dental and cosmetic shopfronts strung between them, and the cluster is the densest concentration of fixed-price surgery sold to foreigners anywhere in Asia.",0,0,bumrungrad|bangkok-hospital|samitivej|thailand|knee-replacement|hip-replacement|executive-health-screening|vaginoplasty|package-price|phuket|osm-facilities|chiang-mai,s:osm-nominatim|s:wp-bumrungrad|s:wp-bangkok-hospital|s:wp-samitivej|s:osm,cited,high,False,2026-09-16,https://nanobotco.github.io/care-abroad/city/bangkok/
barcelona,hub,Barcelona,Barna,europe-south,ES,Barcelona,41.3833,2.1833,"{""iso2"": ""ES"", ""radius_km"": 15, ""specialty"": [""fertility"", ""reproductive medicine"", ""oncology"", ""orthopaedics"", ""cosmetic surgery""], ""draws"": [""ivf"", ""egg-donation"", ""icsi"", ""egg-freezing"", ""pgt""], ""languages"": [""Catalan"", ""Spanish"", ""English"", ""French"", ""Italian""]}","A city of 1,686,208 people in ten districts, with the private fertility clinics that draw foreign patients spread through Eixample and Sarrià-Sant Gervasi, and the large teaching hospitals — the Clínic in Eixample, Sant Pau above it, Vall d'Hebron on the northern edge — holding the complex work. Barcelona's export is reproductive medicine, and the country it sits in reports more treatment cycles than any European state except Russia.",0,0,spain|egg-donation|ivf|egg-freezing|prague|donor-anonymity-law|reproductive-exile|eshre|eu-directive-2011-24|counting-patients,s:wp-barcelona|s:eshre-eim-2019|s:eu-directive-2011-24|s:osm,cited,medium,True,2026-09-16,https://nanobotco.github.io/care-abroad/city/barcelona/
bengaluru,hub,Bengaluru,ಬೆಂಗಳೂರು|Bangalore,south-asia,IN,Bengaluru,12.885,77.672,"{""iso2"": ""IN"", ""radius_km"": 25, ""specialty"": [""cardiac surgery"", ""transplant"", ""oncology"", ""orthopaedics"", ""neurosurgery""], ""draws"": [""cabg"", ""heart-valve-replacement"", ""angioplasty-stent"", ""knee-replacement"", ""bone-marrow-transplant""], ""languages"": [""Kannada"", ""English"", ""Hindi"", ""Tamil""]}","Two poles, about twenty kilometres apart. Narayana Health City stands on Hosur Road at Bommasandra, on the far southern edge of the city beyond the Electronics City corridor, where Devi Prasad Shetty put a 280-bed cardiac hospital in 2000 and then a campus around it. The older pole is central: Manipal Hospital on HAL Old Airport Road at Kodihalli, with the private hospitals and diagnostic chains of Indiranagar and Richmond Town around it. Whitefield, twelve kilometres east of the centre, is the third and newest.",0,0,narayana-health|devi-shetty|india|cabg|heart-valve-replacement|knee-replacement|india-e-medical-visa|chennai|the-companion|osm-facilities,s:osm-nominatim|s:wp-narayana-health|s:wp-medical-tourism-india|s:osm,cited,medium,True,2026-09-16,https://nanobotco.github.io/care-abroad/city/bengaluru/
bogota,hub,Bogotá,Bogota|Santafé de Bogotá|Distrito Capital,south-america,CO,Bogotá,4.7111,-74.0722,"{""iso2"": ""CO"", ""radius_km"": 25, ""specialty"": [""cardiology"", ""oncology"", ""transplant"", ""neurosurgery"", ""ophthalmology"", ""orthopaedics""], ""draws"": [""cabg"", ""angioplasty-stent"", ""heart-valve-replacement"", ""kidney-transplant"", ""bone-marrow-transplant"", ""gamma-knife"", ""cataract-surgery""], ""languages"": [""Spanish"", ""English""]}","Colombia's capital and largest city, the country's medical as well as political centre, sitting at 2,640 metres on the Bogotá savanna. Its export trade is complex hospital work — cardiac, oncological, transplant and neurosurgical — sold mostly to patients from elsewhere in Colombia, from the Caribbean and from Central America, rather than to North Americans on a package.",0,0,colombia|fundacion-santa-fe|medellin|jci|cabg|kidney-transplant|declaration-of-istanbul-group|the-accreditation-question|the-visa,s:wp-bogota|s:fsfb-jci|s:lasamericas-visa,cited,high,False,2026-09-16,https://nanobotco.github.io/care-abroad/city/bogota/
budapest,hub,Budapest,Buda and Pest,europe-central,HU,Budapest,47.4925,19.0514,"{""iso2"": ""HU"", ""radius_km"": 15, ""specialty"": [""dentistry"", ""oral surgery"", ""fertility"", ""cosmetic surgery"", ""thermal and spa""], ""draws"": [""dental-implant"", ""all-on-four"", ""dental-crown"", ""veneers"", ""full-mouth-restoration"", ""ivf""], ""languages"": [""Hungarian"", ""German"", ""English""]}","A capital of 1,685,209 people split by the Danube into hilly Buda and flat Pest, administered in 23 districts written in Roman numerals. The dental surgeries that foreign patients use cluster in inner Pest — District V, Belváros-Lipótváros, District VI, Terézváros, along Andrássy Avenue, and District XIII — inside a walk or two tram stops of the hotels. Budapest is also a spa city: it carries more than 100 medicinal geothermal springs and Ottoman-built baths at Rudas and Király still in use five centuries on.",0,0,hungary|sopron|dental-implant|all-on-four|full-mouth-restoration|eu-directive-2011-24|wellness-travel|the-price-that-isnt|warsaw,s:wp-budapest|s:wp-medical-travel|s:eu-directive-2011-24|s:osm,cited,medium,True,2026-09-16,https://nanobotco.github.io/care-abroad/city/budapest/
cairo,hub,Cairo,القاهرة|Greater Cairo,africa-north,EG,Cairo,30.0444,31.2358,"{""iso2"": ""EG"", ""radius_km"": 30, ""specialty"": [""dentistry"", ""hair restoration"", ""cosmetic surgery"", ""ophthalmology"", ""hepatology"", ""bariatric surgery""], ""draws"": [""dental-implant"", ""hair-transplant-fue"", ""rhinoplasty"", ""cataract-surgery"", ""gastric-sleeve""], ""languages"": [""Arabic"", ""English""]}","A city of about 9.8 million in 2023 inside a metropolitan area of more than 22 million, with the clinics that take foreign patients spread across the twentieth-century districts — Garden City, Zamalek, Heliopolis and the newer quarters east of them — rather than concentrated in a single quarter. Egypt had 121,394 physicians and 121,617 hospital beds in 2020, and the private sector is estimated to carry about 60% of all healthcare services. Cairo sells dentistry, hair restoration and cosmetic surgery to Gulf and African patients, and its hepatology is regionally exceptional for reasons of epidemiology rather than marketing.",0,0,egypt|dental-implant|hair-transplant-fue|cataract-surgery|liver-transplant|dubai|istanbul|the-price-that-isnt|world-bank-health-spending,s:wp-cairo|s:wp-healthcare-egypt|s:worldbank-open-data|s:osm,cited,low,True,2026-09-16,https://nanobotco.github.io/care-abroad/city/cairo/
cancun,hub,Cancún,Cancun|Benito Juárez,mexico|caribbean,MX,Cancún,21.1606,-86.8475,"{""iso2"": ""MX"", ""radius_km"": 20, ""specialty"": [""dentistry"", ""cosmetic surgery"", ""bariatric surgery"", ""oncology"", ""orthopaedics""], ""draws"": [""dental-implant"", ""all-on-four"", ""veneers"", ""full-mouth-restoration"", ""breast-augmentation"", ""liposuction"", ""abdominoplasty"", ""gastric-sleeve""], ""languages"": [""Spanish"", ""English""]}","The largest city in Quintana Roo, on the Caribbean coast of the Yucatán Peninsula, built in the 1970s as a resort and now carrying a second trade: dentistry and cosmetic surgery sold to people who were flying here anyway. It is the only hub in this directory whose international air connections were built for a holiday market and then inherited by a clinical one.",0,0,mexico|los-algodones|dental-implant|all-on-four|jci|the-accreditation-question|flying-after-surgery|wellness-travel,s:wp-cancun|s:galenia-accreditations|s:sani-price-list,cited,high,False,2026-09-16,https://nanobotco.github.io/care-abroad/city/cancun/
chennai,hub,Chennai,சென்னை|Madras,south-asia,IN,Chennai,13.0595,80.2543,"{""iso2"": ""IN"", ""radius_km"": 20, ""specialty"": [""cardiac surgery"", ""oncology"", ""transplant"", ""orthopaedics"", ""neurosurgery""], ""draws"": [""cabg"", ""angioplasty-stent"", ""liver-transplant"", ""kidney-transplant"", ""bone-marrow-transplant"", ""knee-replacement""], ""languages"": [""Tamil"", ""English"", ""Hindi""]}","The Chennai cluster runs west from Greams Road in Thousand Lights, where Apollo's first hospital opened in 1983, out along Anna Salai and then to the hospitals on the city's western edge — Sri Ramachandra at Porur, MIOT at Manapakkam — with Apollo's own specialty blocks on Anna Salai and Cenotaph Road in between. The core is walkable: Apollo's main complex, its specialty blocks and the diagnostic laboratories and private nursing homes that grew up around them sit inside a couple of square kilometres of Teynampet.",0,0,apollo-chennai|india|prathap-reddy|cabg|liver-transplant|proton-therapy|india-e-medical-visa|delhi-ncr|counting-patients|osm-facilities,s:osm-nominatim|s:wp-apollo-hospitals|s:wp-medical-tourism-india|s:osm,cited,medium,True,2026-09-16,https://nanobotco.github.io/care-abroad/city/chennai/
chiang-mai,hub,Chiang Mai,เชียงใหม่|Chiangmai,southeast-asia,TH,,18.7883,98.9853,"{""iso2"": ""TH"", ""radius_km"": 12, ""specialty"": [""dental"", ""cosmetic"", ""orthopaedics"", ""gender-affirming"", ""long-stay rehabilitation"", ""health screening""], ""draws"": [""dental-implant"", ""knee-replacement"", ""hair-transplant-fue""], ""languages"": [""Thai"", ""Northern Thai"", ""English""]}","Thailand's second cluster, and the one that sells the long stay rather than the flight in and out. Private hospitals and dental surgeries run along the Superhighway and Chang Klan, with the university hospital at Suan Dok as the tertiary backstop. What distinguishes it from Bangkok is who the patient is: Chiang Mai treats a large resident foreign population — retirees, remote workers, people on long-stay visas — as well as visitors, and the two use the same buildings.",0,0,thailand|bangkok|defiant|dental-implant|aftercare-at-home,s:osm|s:defiant-site,tradition,medium,True,2026-09-16,https://nanobotco.github.io/care-abroad/city/chiang-mai/
colombo,hub,Colombo,කොළඹ|கொழும்பு,south-asia,LK,Colombo,6.905,79.87,"{""iso2"": ""LK"", ""radius_km"": 15, ""specialty"": [""cardiology"", ""ophthalmology"", ""orthopaedics"", ""oncology"", ""health screening""], ""draws"": [""cataract-surgery"", ""cabg"", ""angioplasty-stent"", ""knee-replacement"", ""dental-implant""], ""languages"": [""Sinhala"", ""Tamil"", ""English"", ""Dhivehi""]}","Sri Lanka's private hospitals sit almost entirely in Colombo and its suburbs, and several of them cluster in Narahenpita — Asiri, Asiri Surgical, Oasis and Ninewells among them. Nawaloka stands on Sir James Peiris Mawatha at Slave Island in Colombo 2; Asiri Central is at 110 Norris Canal Road in Maligawatte, Colombo 10; Lanka Hospitals is on Vijaya Kumaratunga Mawatha at Polhengoda junction, in Colombo 5. Durdans and Hemas fill in between. Nothing here is more than five kilometres from anything else.",0,0,sri-lanka|cataract-surgery|cabg|knee-replacement|panchakarma|chennai|what-the-data-cannot-see|osm-facilities,s:osm-nominatim|s:wp-healthcare-sri-lanka|s:osm,cited,low,True,2026-09-16,https://nanobotco.github.io/care-abroad/city/colombo/
delhi-ncr,hub,Delhi NCR,National Capital Region|Delhi|Gurugram|Gurgaon|दिल्ली,south-asia,IN,Delhi and Gurugram,28.49,77.15,"{""iso2"": ""IN"", ""radius_km"": 40, ""specialty"": [""cardiac surgery"", ""transplant"", ""oncology"", ""orthopaedics"", ""neurosurgery"", ""fertility""], ""draws"": [""cabg"", ""heart-valve-replacement"", ""liver-transplant"", ""kidney-transplant"", ""bone-marrow-transplant"", ""knee-replacement"", ""ivf""], ""languages"": [""Hindi"", ""English"", ""Arabic"", ""Bengali"", ""Pashto"", ""Dari""]}","Not a district but a triangle, roughly forty kilometres on a side. Medanta — The Medicity sits in Sector 38, Gurugram, on the Haryana side; Fortis Memorial Research Institute is eight kilometres north of it on Fortis Hospital Road in Sector 44; Max's flagship stands off Press Enclave Road in Saket, South Delhi; Indraprastha Apollo is further east again, on Mathura Road at Sarita Vihar. Between and around them lie Vasant Kunj, Rajinder Nagar and the guesthouse streets of Lajpat Nagar and Bhogal, which is where most of the patients actually stay.",0,0,medanta|fortis-gurgaon|max-saket|india|cabg|liver-transplant|bone-marrow-transplant|india-e-medical-visa|the-companion|chennai|osm-facilities,s:osm-nominatim|s:wp-medanta|s:wp-max-healthcare|s:wp-medical-tourism-india|s:osm,cited,medium,True,2026-09-16,https://nanobotco.github.io/care-abroad/city/delhi-ncr/
dubai,hub,Dubai,Dubai Healthcare City|DHCC|دبي,gulf,AE,Dubai,25.2331,55.3236,"{""iso2"": ""AE"", ""radius_km"": 25, ""founded"": 2002, ""specialty"": [""health screening"", ""dentistry"", ""cosmetic surgery"", ""fertility"", ""orthopaedics"", ""hair restoration""], ""draws"": [""executive-health-screening"", ""dental-implant"", ""ivf"", ""rhinoplasty"", ""hair-transplant-fue"", ""liposuction""], ""languages"": [""Arabic"", ""English"", ""Hindi"", ""Urdu"", ""Russian""]}","A designated healthcare free zone with its own regulator, and a city of clinics around it. Dubai Healthcare City was launched in 2002 by Mohammed bin Rashid Al Maktoum; Phase 1 sits on Oud Metha Road in Bur Dubai across 4.1 million square feet given to care and medical education, and Phase 2 at Al Jaddaf covers 19 million square feet given to wellness. The free zone's own site counted 168 clinical facilities, 10 hospitals and 4,425 healthcare professionals when it was read on 16 September 2026. Outside its boundary the emirate's own health authority licenses everything else, which is why an address in this city carries a regulatory meaning.",0,0,uae|dha-dubai|uae-clinic-licensing|american-hospital-dubai|executive-health-screening|ivf|gcc-sponsored-treatment-abroad|who-travels|isqua-ieea,s:dhcc|s:wp-dubai-healthcare-city|s:osm,cited,high,False,2026-09-16,https://nanobotco.github.io/care-abroad/city/dubai/
havana,hub,Havana,La Habana|Ciudad de La Habana,caribbean,CU,Havana,23.1367,-82.3589,"{""iso2"": ""CU"", ""radius_km"": 20, ""specialty"": [""ophthalmology"", ""neurology"", ""rehabilitation"", ""oncology"", ""dermatology"", ""addiction treatment""], ""draws"": [""cataract-surgery"", ""addiction-rehab"", ""executive-health-screening""], ""languages"": [""Spanish"", ""English"", ""Russian"", ""Portuguese""]}","Cuba's capital, about two million people, and the only hub in this directory where every hospital and clinic is state-owned. Foreign patients are sold care through a government trading company rather than by the hospitals themselves, and the currency they bring is the point of the arrangement. It is also the only hub here whose largest source market is legally barred from most travel to it.",0,0,cuba|united-states|santo-domingo|cataract-surgery|addiction-rehab|insurance-exclusions|circumvention|who-travels|counting-patients,s:wp-havana|s:wp-hospitals-cuba|s:wp-healthcare-cuba|s:wp-tourism-cuba|s:cacr-515-560,cited,medium,True,2026-09-16,https://nanobotco.github.io/care-abroad/city/havana/
istanbul,hub,Istanbul,İstanbul|Şişli–Nişantaşı clinic belt,west-asia,TR,Istanbul,41.0603,28.9878,"{""iso2"": ""TR"", ""radius_km"": 30, ""specialty"": [""hair restoration"", ""cosmetic surgery"", ""dentistry"", ""bariatric surgery"", ""fertility"", ""ophthalmology""], ""draws"": [""hair-transplant-fue"", ""dhi-hair-transplant"", ""rhinoplasty"", ""gastric-sleeve"", ""dental-implant"", ""ivf""], ""languages"": [""Turkish"", ""English"", ""Arabic"", ""Russian"", ""German""]}","A clinic belt on the European side of Istanbul, thickest in Şişli — ten square kilometres holding 276,528 residents and the quarters of Nişantaşı, Teşvikiye, Pangaltı and Mecidiyeköy — and running north through Levent and Maslak. Şişli carries the Şişli Etfal state hospital, the American Hospital and the Saint James Armenian Hospital alongside clinic floors above the shops of Abdi İpekçi Avenue, which the district calls Turkey's most expensive street by lease price. Hair restoration is what the belt is known for abroad; the same square mile also sells rhinoplasty, dentistry, sleeve gastrectomy and IVF. Every facility and every agency trading with foreign patients must hold a Ministry of Health authorisation certificate.",0,0,turkiye|turkiye-health-tourism-authorisation|hair-transplant-fue|dhi-hair-transplant|memorial-sisli|acibadem|ishrs|turkiye-hair-boom|antalya|follow-up-gap|package-price,s:wp-sisli|s:wp-istanbul|s:rg-saglik-turizmi-2017|s:ishrs-buyer-beware|s:ishrs-black-market|s:wp-medical-tourism-turkiye|s:osm|s:rg-32882-2025|s:rg-32182-2023-sac-ekimi|s:shgm-yetkili-tesisler,cited,high,False,2026-09-17,https://nanobotco.github.io/care-abroad/city/istanbul/
izmir,hub,İzmir,Izmir|Smyrna,west-asia,TR,İzmir,38.4244,27.1322,"{""iso2"": ""TR"", ""radius_km"": 20, ""specialty"": [""dentistry"", ""hair restoration"", ""fertility"", ""ophthalmology"", ""thermal and spa""], ""draws"": [""dental-implant"", ""hair-transplant-fue"", ""ivf"", ""lasik""], ""languages"": [""Turkish"", ""English"", ""German""]}","An Aegean city of 2,938,292 people, whose clinics cluster in the old centre at Konak and in Bornova, where Ege University sits, with a thermal strand 8 km west at Balçova. The sulphurous hot springs there were known in antiquity as the Baths of Agamemnon and now run through a hotel; their waters are held good for rheumatism, sciatica, gallstones and eczema. İzmir sells the same procedures as the larger Turkish clusters — dentistry, hair restoration, IVF, laser eye work — to a smaller and more regional traffic.",0,0,turkiye|istanbul|antalya|turkiye-health-tourism-authorisation|dental-implant|ivf|wellness-travel|stem-cell-unproven,s:wp-izmir|s:wp-balcova|s:rg-saglik-turizmi-2017|s:osm,cited,medium,True,2026-09-16,https://nanobotco.github.io/care-abroad/city/izmir/
johannesburg,hub,Johannesburg,Jozi|Joburg|eGoli,africa-south,ZA,Johannesburg,-26.2044,28.0456,"{""iso2"": ""ZA"", ""radius_km"": 25, ""specialty"": [""cardiac surgery"", ""orthopaedics"", ""cosmetic surgery"", ""oncology"", ""transplantation""], ""draws"": [""cabg"", ""knee-replacement"", ""rhinoplasty"", ""abdominoplasty"", ""breast-augmentation""], ""languages"": [""English"", ""isiZulu"", ""Sesotho"", ""Afrikaans""]}","A city of 4,803,262 at the 2022 census, whose private hospital sector is concentrated in the northern suburbs — Sandton, which the city calls Africa's richest square mile, Rosebank beside it, and Parktown and Houghton to the south of them, where the academic hospital estate sits. Netcare, the largest private hospital group in the country with 49 hospitals, is headquartered in Sandton. Johannesburg takes referrals from across southern and central Africa for cardiac surgery, oncology and transplantation, and sells elective orthopaedic and cosmetic work priced in a currency that has been weak for a long time.",0,0,south-africa|cabg|knee-replacement|rhinoplasty|repatriation-cost|who-travels|world-bank-health-spending|dubai,s:wp-johannesburg|s:wp-netcare|s:worldbank-open-data|s:osm,cited,medium,True,2026-09-16,https://nanobotco.github.io/care-abroad/city/johannesburg/
kuala-lumpur,hub,Kuala Lumpur,KL|Klang Valley,southeast-asia,MY,Kuala Lumpur,3.148,101.71,"{""iso2"": ""MY"", ""radius_km"": 25, ""specialty"": [""fertility"", ""cardiology"", ""oncology"", ""health screening"", ""orthopaedics"", ""neurosurgery""], ""draws"": [""ivf"", ""icsi"", ""cabg"", ""angioplasty-stent"", ""executive-health-screening"", ""knee-replacement""], ""languages"": [""Malay"", ""English"", ""Mandarin"", ""Tamil"", ""Indonesian""]}","The Klang Valley cluster is spread across two states. Gleneagles Kuala Lumpur stands on Jalan Ampang at Ampang Hilir, on the eastern edge of the city; Prince Court Medical Centre sits off Jalan Bukit Bintang beside the Tun Razak Exchange; Pantai Hospital is in Bangsar to the south-west; Institut Jantung Negara, the national heart institute, is on Jalan Tun Razak; and Subang Jaya Medical Centre and Sunway Medical Centre are out in Selangor, sixteen kilometres from the middle. Nothing here is walkable between hospitals. The corridor is a motorway, not a street.",0,0,gleneagles-kl|prince-court|malaysia|mhtc|malaysia-mhtc-licence|ivf|cabg|executive-health-screening|penang|indonesia|counting-patients|osm-facilities,s:osm-nominatim|s:wp-gleneagles-kl|s:wp-medical-tourism-malaysia|s:mida-malaysia-medical-tourism-2024|s:osm,cited,medium,True,2026-09-16,https://nanobotco.github.io/care-abroad/city/kuala-lumpur/
los-algodones,hub,Los Algodones,Algodones|Molar City,mexico|north-america,MX,Los Algodones,32.7153,-114.7289,"{""iso2"": ""MX"", ""radius_km"": 6, ""specialty"": [""dentistry"", ""optometry"", ""pharmacy""], ""draws"": [""dental-implant"", ""all-on-four"", ""dental-crown"", ""root-canal"", ""veneers"", ""full-mouth-restoration""], ""languages"": [""Spanish"", ""English""]}","A town of a few square blocks in the north-east corner of Baja California, pressed against the Colorado River and the Arizona line, where several hundred dental surgeries, opticians and pharmacies trade almost entirely with people who walk across the border in the morning and walk back the same afternoon. Wikipedia puts the resident population at 5,474 at the 2010 census and the dentists at approximately 600. Nobody flies here for treatment. They park in California and cross on foot.",5,0,mexico|nuevo-progreso|tijuana|united-states|dental-implant|all-on-four|dental-crown|revision-at-home|follow-up-gap|the-price-that-isnt,s:wp-los-algodones|s:wp-andrade-poe|s:bts-border-crossing|s:sani-price-list,cited,high,False,2026-09-16,https://nanobotco.github.io/care-abroad/city/los-algodones/
medellin,hub,Medellín,Medellin|the Aburrá Valley,south-america,CO,Medellín,6.2308,-75.5906,"{""iso2"": ""CO"", ""radius_km"": 20, ""specialty"": [""cosmetic surgery"", ""oncology"", ""dentistry"", ""cardiology"", ""transplant""], ""draws"": [""bbl"", ""liposuction"", ""abdominoplasty"", ""breast-augmentation"", ""rhinoplasty"", ""facelift"", ""dental-implant"", ""hair-transplant-fue""], ""languages"": [""Spanish"", ""English""]}","Colombia's second city, 2.4 million people at the 2018 census in the Aburrá Valley, and the country's cosmetic surgery capital. Its export trade is body-contouring and dentistry sold to North Americans and to Colombians living abroad, run out of private clinics and out of one large hospital group with a dedicated international office.",0,0,colombia|clinica-las-americas|bogota|bbl|liposuction|bbl-mortality|flying-after-surgery|the-visa|the-companion|alone-after-discharge,s:wp-medellin|s:lasamericas-international|s:lasamericas-visa,cited,high,False,2026-09-16,https://nanobotco.github.io/care-abroad/city/medellin/
monterrey,hub,Monterrey,"Monterrey, Nuevo León|MTY",mexico|north-america,MX,Monterrey,25.6844,-100.3181,"{""iso2"": ""MX"", ""radius_km"": 25, ""specialty"": [""oncology"", ""cardiology"", ""orthopaedics"", ""transplant"", ""bariatric surgery"", ""health screening""], ""draws"": [""cabg"", ""angioplasty-stent"", ""knee-replacement"", ""hip-replacement"", ""gastric-sleeve"", ""executive-health-screening"", ""bone-marrow-transplant""], ""languages"": [""Spanish"", ""English""]}","The capital of Nuevo León, a few hours' drive south of the Texas border, anchoring Mexico's second-largest metropolitan area at some 5.3 million people and a city its Wikipedia article calls the richest in Latin America. Its clinical export trade is hospital medicine rather than border dentistry: cancer, cardiac and orthopaedic work sold to Texans, to Mexicans living in the United States, and to patients from the rest of Mexico.",0,0,mexico|united-states|tijuana|josef-woodman|cabg|executive-health-screening|language-consent|the-accreditation-question,s:wp-monterrey|s:tecsalud-international|s:tecsalud-quality|s:wp-patients-beyond-borders,cited,high,False,2026-09-16,https://nanobotco.github.io/care-abroad/city/monterrey/
mumbai,hub,Mumbai,मुंबई|Bombay,south-asia,IN,Mumbai,19.06,72.84,"{""iso2"": ""IN"", ""radius_km"": 25, ""specialty"": [""oncology"", ""bone marrow transplant"", ""cardiac surgery"", ""orthopaedics"", ""fertility"", ""neurosurgery""], ""draws"": [""bone-marrow-transplant"", ""cabg"", ""angioplasty-stent"", ""knee-replacement"", ""ivf""], ""languages"": [""Marathi"", ""Hindi"", ""English"", ""Gujarati""]}","Mumbai's medicine runs north to south along the island city. Tata Memorial Hospital stands in Parel, where it has been since 1941, and is the reason people travel to this city at all; Hinduja is at Mahim and Lilavati at Bandra, a few kilometres north on the western line; Kokilaben Dhirubhai Ambani Hospital sits further north again on Jai Prakash Road at Four Bungalows, Versova, in the Andheri West suburbs. The cluster is linear rather than radial, which is what a city built on a peninsula does to its hospitals.",0,0,kokilaben|india|bone-marrow-transplant|cabg|ivf|india-e-medical-visa|delhi-ncr|counting-patients|osm-facilities,s:osm-nominatim|s:wp-tata-memorial|s:wp-kokilaben|s:wp-medical-tourism-india|s:osm,cited,medium,True,2026-09-16,https://nanobotco.github.io/care-abroad/city/mumbai/
nicosia,hub,Nicosia,Lefkosia|Λευκωσία|Lefkoşa|North Nicosia,europe-south|west-asia,CY,Nicosia,35.1725,33.365,"{""iso2"": ""CY"", ""radius_km"": 13, ""specialty"": [""fertility"", ""reproductive medicine"", ""oncology"", ""hair restoration""], ""draws"": [""ivf"", ""egg-donation"", ""icsi"", ""pgt""], ""languages"": [""Greek"", ""Turkish"", ""English""]}","A capital of 111,797 in its municipality and 256,119 across its urban area, cut through the middle by the United Nations buffer zone — the Green Line, named for the colour of the pen a UN officer drew it with. The southern half is the capital of the Republic of Cyprus; the northern half, Lefkoşa, is the de facto capital of Northern Cyprus, recognised only by Türkiye, and the Republic claims it. Fertility clinics operate on both sides under different regimes, and pedestrians cross at Ledra Palace, opened on 23 April 2003, and at Ledra Street, reopened on 3 April 2008.",0,0,cyprus|north-cyprus|ivf|egg-donation|surrogacy-law|donor-anonymity-law|circumvention-travel|malpractice-recourse,s:wp-nicosia|s:wp-north-nicosia|s:cmar-cyprus|s:osm,cited,medium,True,2026-09-16,https://nanobotco.github.io/care-abroad/city/nicosia/
nuevo-progreso,hub,Nuevo Progreso,"Nuevo Progreso, Tamaulipas|Progreso",mexico|north-america,MX,Nuevo Progreso,26.0561,-97.9522,"{""iso2"": ""MX"", ""radius_km"": 6, ""specialty"": [""dentistry"", ""pharmacy"", ""optometry""], ""draws"": [""dental-implant"", ""dental-crown"", ""root-canal"", ""full-mouth-restoration""], ""languages"": [""Spanish"", ""English""]}","A town in Río Bravo Municipality, Tamaulipas, at the Mexican end of a road bridge over the Rio Grande. Wikipedia records 10,178 inhabitants at the 2010 census and, in the five-block centre, more than a hundred dentists and more than a hundred pharmacies. Like Los Algodones it is walked to, not flown to; unlike Los Algodones the walk starts in Texas.",0,0,mexico|los-algodones|united-states|dental-implant|dental-crown|cross-border-prescriptions|counterfeit-medicines|follow-up-gap,s:wp-nuevo-progreso|s:wp-progreso-bridge|s:bts-border-crossing,cited,medium,True,2026-09-16,https://nanobotco.github.io/care-abroad/city/nuevo-progreso/
panama-city,hub,Panama City,Ciudad de Panamá|Panamá,central-america,PA,Panama City,8.9835,-79.5155,"{""iso2"": ""PA"", ""radius_km"": 18, ""specialty"": [""cosmetic surgery"", ""dentistry"", ""health screening"", ""cardiology"", ""oncology""], ""draws"": [""abdominoplasty"", ""liposuction"", ""dental-implant"", ""executive-health-screening""], ""languages"": [""Spanish"", ""English""]}","Panama's capital and, for this subject, the whole of the country: 410,354 people in the city proper at the 2023 census, 2,100,189 in the metropolitan area, a US-dollar economy and a hub airport at Tocumen. Its private hospitals stand within a few kilometres of each other on the Pacific shore — Punta Pacífica, Paitilla, Bella Vista, Costa del Este — and they sell to two markets at once: people who fly in, and North Americans who already live here.",0,0,panama|san-jose-cr|medellin|executive-health-screening|dental-implant|jci|getting-a-quote|the-price-that-isnt,s:wp-panama-city|s:pacificasalud-about|s:pacificasalud-respaldo|s:wp-hospital-nacional|s:pa-ley-6-1987|s:wp-punta-pacifica,cited,medium,True,2026-09-17,https://nanobotco.github.io/care-abroad/city/panama-city/
penang,hub,Penang,George Town|Pulau Pinang|槟城,southeast-asia,MY,George Town,5.4245,100.317,"{""iso2"": ""MY"", ""radius_km"": 15, ""specialty"": [""health screening"", ""cardiology"", ""oncology"", ""orthopaedics"", ""ophthalmology"", ""gastroenterology""], ""draws"": [""executive-health-screening"", ""cabg"", ""angioplasty-stent"", ""knee-replacement"", ""cataract-surgery""], ""languages"": [""Malay"", ""English"", ""Hokkien"", ""Mandarin"", ""Tamil"", ""Indonesian""]}","The tightest cluster in this batch. Island Hospital stands at 308 Jalan Macalister in central George Town, a 600-bed hospital opened in 1996 and building toward a thousand; Gleneagles Penang is 600 metres north-west at 1 Jalan Pangkor in Pulau Tikus; Penang Adventist is on Jalan Burma between them, and Loh Guan Lye is a few streets east. A patient staying on Macalister Road can walk to two of them and take a five-minute taxi to the others.",0,0,island-hospital-penang|malaysia|indonesia|mhtc|executive-health-screening|cabg|cataract-surgery|kuala-lumpur|second-opinion|counting-patients|osm-facilities,s:osm-nominatim|s:wp-island-hospital|s:wp-medical-tourism-malaysia|s:mida-malaysia-medical-tourism-2024|s:osm,cited,medium,True,2026-09-16,https://nanobotco.github.io/care-abroad/city/penang/
phuket,hub,Phuket,ภูเก็ต|Phuket Town|Mueang Phuket,southeast-asia,TH,Phuket,7.9005,98.372,"{""iso2"": ""TH"", ""radius_km"": 15, ""specialty"": [""cosmetic surgery"", ""gender-affirming surgery"", ""dentistry"", ""orthopaedics"", ""trauma"", ""health screening""], ""draws"": [""rhinoplasty"", ""breast-augmentation"", ""liposuction"", ""vaginoplasty"", ""dental-implant""], ""languages"": [""Thai"", ""English"", ""Russian"", ""Chinese""]}","A small cluster on the eastern side of Phuket island, in and just outside Phuket Town. Bangkok Hospital Phuket stands off Prayoon Soi in the Samkong quarter, north of the old town; Phuket International Hospital — Sirirot on Thai signage — sits at 44 Chalermprakiat Ror 9 Road in Wichit, about two kilometres south; Vachira Phuket, the Ministry of Public Health's provincial hospital, holds the town itself. The province has six hospitals in all, three of them private.",0,0,thailand|bangkok|rhinoplasty|breast-augmentation|vaginoplasty|dental-implant|flying-after-surgery|follow-up-gap|osm-facilities,s:osm-nominatim|s:wp-phuket-province|s:osm,cited,medium,True,2026-09-16,https://nanobotco.github.io/care-abroad/city/phuket/
prague,hub,Prague,Praha,europe-central,CZ,Prague,50.0875,14.4214,"{""iso2"": ""CZ"", ""radius_km"": 15, ""specialty"": [""fertility"", ""reproductive medicine"", ""dentistry"", ""cosmetic surgery"", ""ophthalmology""], ""draws"": [""ivf"", ""egg-donation"", ""icsi"", ""pgt"", ""dental-implant""], ""languages"": [""Czech"", ""English"", ""German"", ""Italian""]}","A capital of 1,407,084 people at the start of 2026, administered in 10 municipal and 22 administrative districts, with the fertility clinics that draw foreign patients spread across the inner districts — Vinohrady, Karlín, Smíchov — rather than gathered on one street. Prague's export is reproductive medicine: Czechia is one of the three European countries reporting the largest volumes of egg-donation cycles, and the patients arriving for them come from states where donation is scarcer, slower, or bound by rules that do not apply here.",0,0,czechia|egg-donation|ivf|pgt|barcelona|donor-anonymity-law|eu-directive-2011-24|reproductive-exile|eshre|surrogacy-law,s:wp-prague|s:eshre-eim-2019|s:wp-surrogacy-laws|s:eu-directive-2011-24|s:osm,cited,medium,True,2026-09-16,https://nanobotco.github.io/care-abroad/city/prague/
san-jose-cr,hub,"San José, Costa Rica",San José|the Central Valley,central-america,CR,San José,9.9325,-84.08,"{""iso2"": ""CR"", ""radius_km"": 20, ""specialty"": [""dentistry"", ""cosmetic surgery"", ""orthopaedics"", ""bariatric surgery"", ""ophthalmology""], ""draws"": [""dental-implant"", ""all-on-four"", ""full-mouth-restoration"", ""facelift"", ""abdominoplasty"", ""breast-augmentation"", ""knee-replacement"", ""gastric-sleeve""], ""languages"": [""Spanish"", ""English""]}","Costa Rica's capital, in the Central Valley, with a municipal population of about 352,000 and a metropolitan area of more than two million. Its private hospitals sell dentistry, cosmetic surgery and orthopaedic work to North Americans, a trade that predates most of the Asian hubs in this directory and grew alongside the country's retirement and residency market rather than its beaches.",0,0,costa-rica|clinica-biblica|hospital-cima-san-jose|promed|los-algodones|dental-implant|choosing-a-facilitator|getting-a-quote|jci|the-price-that-isnt,s:wp-san-jose-cr|s:wp-clinica-biblica|s:clinica-biblica|s:clinica-biblica-presupuestos,cited,medium,True,2026-09-16,https://nanobotco.github.io/care-abroad/city/san-jose-cr/
santo-domingo,hub,Santo Domingo,Santo Domingo de Guzmán|Distrito Nacional,caribbean,DO,Santo Domingo,18.4625,-69.9361,"{""iso2"": ""DO"", ""radius_km"": 20, ""specialty"": [""cosmetic surgery"", ""dentistry"", ""bariatric surgery"", ""ophthalmology""], ""draws"": [""bbl"", ""liposuction"", ""abdominoplasty"", ""breast-augmentation"", ""facelift"", ""dental-implant""], ""languages"": [""Spanish"", ""English""]}","The capital of the Dominican Republic, founded 1496 and the oldest continuously inhabited European settlement in the Americas, with just over a million people in the city centre and 4.27 million in Greater Santo Domingo as of 2022. Its export trade in care is cosmetic surgery, sold largely to women in the United States, and it is the hub in this directory with the longest documented record of infections travelling home with the patients.",0,0,dominican-republic|dominican-republic-ntm-outbreak|united-states|medellin|havana|bbl|liposuction|nontuberculous-mycobacteria|follow-up-gap|malpractice-recourse|alone-after-discharge,s:wp-santo-domingo|s:cdc-mmwr-dr-ntm-2018,cited,high,False,2026-09-16,https://nanobotco.github.io/care-abroad/city/santo-domingo/
seoul,hub,Seoul,서울|Gangnam|강남,east-asia,KR,Seoul,37.526,127.025,"{""iso2"": ""KR"", ""radius_km"": 20, ""specialty"": [""cosmetic surgery"", ""dermatology"", ""health screening"", ""spine surgery"", ""oncology"", ""transplant""], ""draws"": [""rhinoplasty"", ""facelift"", ""hair-transplant-fue"", ""executive-health-screening"", ""spinal-fusion"", ""liver-transplant""], ""languages"": [""Korean"", ""English"", ""Mandarin"", ""Japanese"", ""Russian""]}","The cosmetic trade occupies a few blocks of Gangnam-gu south of the Han river: Apgujeong-ro and the Garosu-gil end of Sinsa-dong, running east through Cheongdam, with the Gangnam-gu Office's own medical-travel desk on the ground floor of the Gangnam Tour Information Center at 161 Apgujeong-ro. The hospitals that do the hard work are elsewhere. Samsung Medical Center is at 81 Irwon-ro in Irwon-dong, in the south-eastern corner of the same district; Asan Medical Center is across the district line at 88 Olympic-ro 43-gil, Pungnap-dong, Songpa-gu, by the river; Severance is north of it all at 50-1 Yonsei-ro in Sinchon, Seodaemun-gu. Subway line 3 links the first two; nothing links them to the third but the 2 line and a change.",0,0,samsung-medical-center|asan-medical-center|severance|wooridul|south-korea|rhinoplasty|executive-health-screening|spinal-fusion|khidi|korea-foreign-patient-registration|counting-patients|osm-facilities,s:osm-nominatim|s:wp-asan-medical-center|s:wp-samsung-medical-center|s:wp-gangnam-district|s:wp-medical-tourism-south-korea|s:gangnam-medi-tour|s:osm,cited,medium,True,2026-09-16,https://nanobotco.github.io/care-abroad/city/seoul/
singapore-city,hub,Singapore,Orchard medical belt|Novena health city|新加坡,southeast-asia,SG,Singapore,1.309,103.839,"{""iso2"": ""SG"", ""radius_km"": 15, ""specialty"": [""oncology"", ""cardiac surgery"", ""neurosurgery"", ""transplant"", ""paediatrics"", ""health screening""], ""draws"": [""cabg"", ""heart-valve-replacement"", ""bone-marrow-transplant"", ""executive-health-screening"", ""cataract-surgery""], ""languages"": [""English"", ""Mandarin"", ""Malay"", ""Tamil"", ""Indonesian"", ""Bahasa""]}","Two clusters, four minutes apart on the subway. The Orchard belt holds Mount Elizabeth Hospital at 3 Mount Elizabeth in Cairnhill, 345 beds, open since 8 December 1979, and Gleneagles Hospital at 6 Napier Road in Tanglin, with the specialist suites of Paragon and Camden on Orchard Road between them. Novena, a kilometre and a half north, holds Mount Elizabeth Novena at 38 Irrawaddy Road, 313 beds, alongside Tan Tock Seng and the medical school. Raffles Hospital is separate again, at 585 North Bridge Road on the edge of Bugis, 380 beds, opened on 16 March 2002.",0,0,mount-elizabeth|raffles-hospital|singapore|cabg|bone-marrow-transplant|executive-health-screening|kuala-lumpur|bangkok|malpractice-recourse|is-it-cheaper|osm-facilities,s:osm-nominatim|s:wp-mount-elizabeth|s:wp-raffles-hospital|s:wp-healthcare-singapore|s:wp-medical-tourism|s:osm,cited,medium,True,2026-09-16,https://nanobotco.github.io/care-abroad/city/singapore-city/
sopron,hub,Sopron,Ödenburg,europe-central,HU,Sopron,47.685,16.5831,"{""iso2"": ""HU"", ""radius_km"": 12, ""specialty"": [""dentistry"", ""oral surgery"", ""prosthodontics""], ""draws"": [""dental-implant"", ""dental-crown"", ""root-canal"", ""all-on-four"", ""full-mouth-restoration"", ""veneers""], ""languages"": [""Hungarian"", ""German"", ""English""]}","A Hungarian border town of 62,116 people, 70 km from Vienna and 77 km from Bratislava, whose economy carries an unusual weight of dental surgeries — Wikipedia puts it at more than 300 and repeats the trade's name for the place, the dental capital of the world. Street and traffic signs are in Hungarian and German. A patient from Vienna can be treated between breakfast and dinner, and many are: the practices are sized for the day trip, with a driver, a German-speaking desk and a treatment room, rather than for a stay.",0,0,hungary|budapest|dental-implant|dental-crown|root-canal|eu-directive-2011-24|counting-patients|revision-at-home,s:wp-sopron|s:wp-mosonmagyarovar|s:guardian-cross-border-2015|s:usatoday-incidental-tourist|s:wp-medical-travel|s:eu-directive-2011-24|s:osm,cited,medium,True,2026-09-16,https://nanobotco.github.io/care-abroad/city/sopron/
taipei,hub,Taipei,臺北|Taipei City,east-asia,TW,Taipei,25.062,121.534,"{""iso2"": ""TW"", ""radius_km"": 20, ""specialty"": [""health screening"", ""transplant"", ""oncology"", ""cardiology"", ""dentistry"", ""ophthalmology""], ""draws"": [""executive-health-screening"", ""liver-transplant"", ""cataract-surgery"", ""dental-implant"", ""icl""], ""languages"": [""Mandarin"", ""Taiwanese Hokkien"", ""English"", ""Japanese""]}","Taipei's large hospitals are strung down the middle of the city from north to south. Taipei Veterans General Hospital, founded 1958 and running 3,000 beds, stands at 201 Shipai Road Section 2 in Beitou, at the northern end; National Taiwan University Hospital, founded on 18 June 1895 and now the island's largest public hospital with 2,400 beds, sits at 1 Changde Street in Zhongzheng, beside the old city; Taipei Medical University Hospital is at 252 Wuxing Street in Xinyi, east of the centre. The private cosmetic and dental shopfronts are not on those campuses at all: they are along Zhongxiao East Road and Dunhua South Road, in the shopping blocks between them.",0,0,taiwan|executive-health-screening|liver-transplant|dental-implant|cataract-surgery|seoul|singapore-city|what-the-data-cannot-see|osm-facilities,s:osm-nominatim|s:wp-ntuh|s:wp-tvgh|s:wp-medical-tourism|s:osm,cited,low,True,2026-09-16,https://nanobotco.github.io/care-abroad/city/taipei/
tbilisi,hub,Tbilisi,თბილისი|Tiflis,west-asia,GE,Tbilisi,41.7225,44.7925,"{""iso2"": ""GE"", ""radius_km"": 15, ""specialty"": [""fertility"", ""reproductive medicine"", ""hair restoration"", ""dentistry"", ""cosmetic surgery""], ""draws"": [""ivf"", ""surrogacy"", ""egg-donation"", ""icsi"", ""hair-transplant-fue""], ""languages"": [""Georgian"", ""Russian"", ""English""]}","A capital of 1,369,400 people whose private clinics concentrate in Vake and Saburtalo, with Vera and Mtatsminda between them and the older hospital estate scattered across the city. Georgia runs universal coverage introduced in 2013 over a hospital system that is largely private, and the State Regulation Agency for Medical Activities licenses both facilities and professionals. The work foreign patients arrive for is reproductive medicine — in vitro fertilisation, donor cycles and gestational surrogacy — with hair restoration and dentistry beside it.",0,0,surrogacy|surrogacy-law|ivf|egg-donation|hair-transplant-fue|reproductive-exile|circumvention|istanbul|prague,s:wp-tbilisi|s:wp-health-georgia|s:wp-surrogacy-laws|s:osm,cited,low,True,2026-09-16,https://nanobotco.github.io/care-abroad/city/tbilisi/
tel-aviv,hub,Tel Aviv,Tel Aviv-Yafo|תל אביב-יפו,west-asia,IL,Tel Aviv-Yafo,32.08,34.78,"{""iso2"": ""IL"", ""radius_km"": 15, ""specialty"": [""fertility"", ""reproductive medicine"", ""oncology"", ""haematology"", ""neurosurgery""], ""draws"": [""ivf"", ""icsi"", ""pgt"", ""egg-donation"", ""car-t""], ""languages"": [""Hebrew"", ""English"", ""Russian"", ""Arabic""]}","A city of 494,900 people whose inbound medical work runs through large public teaching hospitals rather than through a clinic strip. The Tel Aviv Sourasky Medical Center — founded in 1963, public, 1,171 beds as of 2020 on Israel Ministry of Health figures, and known to everyone as Ichilov — is the largest teaching hospital serving the city and its metropolitan area, and the second largest hospital complex in the country. The work foreign patients arrive for is reproductive medicine, oncology and haematology, and the agents who bring them are registered with the government.",0,0,israel|sheba|ivf|pgt|car-t|surrogacy-law|counting-patients|insurance-exclusions,s:wp-tel-aviv|s:wp-sourasky|s:wp-medical-tourism-israel|s:osm,cited,medium,True,2026-09-16,https://nanobotco.github.io/care-abroad/city/tel-aviv/
tijuana,hub,Tijuana,"TJ|Tijuana, Baja California",mexico|north-america,MX,Tijuana,32.525,-117.0333,"{""iso2"": ""MX"", ""radius_km"": 20, ""specialty"": [""bariatric surgery"", ""dentistry"", ""cosmetic surgery"", ""ophthalmology"", ""oncology""], ""draws"": [""gastric-sleeve"", ""gastric-bypass"", ""dental-implant"", ""all-on-four"", ""liposuction"", ""abdominoplasty"", ""breast-augmentation"", ""stem-cell-unproven""], ""languages"": [""Spanish"", ""English""]}","A city of roughly 2.3 million on the Pacific end of the Mexico–United States border, sharing about 24 kilometres of line with San Diego. Its Wikipedia article calls it the most visited border city in the world and puts the crossings between the two cities at more than fifty million a year. The clinical trade here is surgical rather than dental-first: weight-loss operations above all, then cosmetic surgery, dentistry and a fringe of clinics selling treatments that are not licensed in the United States.",0,0,mexico|united-states|los-algodones|hospital-angeles-tijuana|gastric-sleeve|gastric-bypass|antimicrobial-resistance|surgical-site-infection|stem-cell-unproven|circumvention|malpractice-recourse,s:wp-tijuana|s:bts-border-crossing|s:cdc-eid-tijuana-vim,cited,high,False,2026-09-16,https://nanobotco.github.io/care-abroad/city/tijuana/
tunis,hub,Tunis,تونس,africa-north,TN,Tunis,36.8064,10.1817,"{""iso2"": ""TN"", ""radius_km"": 18, ""specialty"": [""cosmetic surgery"", ""bariatric surgery"", ""dentistry"", ""ophthalmology"", ""thalassotherapy""], ""draws"": [""rhinoplasty"", ""liposuction"", ""abdominoplasty"", ""breast-augmentation"", ""gastric-sleeve"", ""dental-implant""], ""languages"": [""Arabic"", ""French"", ""English""]}","A capital of 693,210 people, 2,885,040 across its metropolitan area, administered in fifteen municipal districts including El Menzah and the Medina. The private clinics that take foreign patients sit in the northern and coastal districts of the agglomeration rather than in the old city, and they sell cosmetic and bariatric surgery to a French-speaking market, alongside a separate seaside trade in thalassotherapy. Tunisia's private sector holds about 12% of the country's hospital beds and about 70% of its top-range medical equipment.",0,0,tunisia|rhinoplasty|abdominoplasty|gastric-sleeve|wellness-travel|istanbul|counting-patients|revision-at-home,s:wp-tunis|s:wp-healthcare-tunisia|s:wp-medical-travel|s:osm,cited,low,True,2026-09-16,https://nanobotco.github.io/care-abroad/city/tunis/
vilnius,hub,Vilnius,Wilno|Vilna,europe-north,LT,Vilnius,54.6872,25.28,"{""iso2"": ""LT"", ""radius_km"": 12, ""specialty"": [""dentistry"", ""orthopaedics"", ""cosmetic surgery"", ""fertility"", ""bariatric surgery""], ""draws"": [""dental-implant"", ""all-on-four"", ""hip-replacement"", ""ivf"", ""gastric-sleeve""], ""languages"": [""Lithuanian"", ""English"", ""Russian"", ""Polish""]}","A capital of 619,405 people in mid-2026, administered in twenty elderships, with the private clinics that take foreign patients in and around Naujamiestis and the streets north of the Old Town, and the large public hospital estate out at Santariškės. Vilnius sells dentistry, joint replacement and cosmetic surgery to patients from Britain, Ireland and the Nordic countries on short flights, against waiting lists rather than against uninsured bills.",0,0,lithuania|hip-replacement|dental-implant|eu-directive-2011-24|uk-nhs-treatment-abroad|implant-excluded|aftercare-at-home|oecd-waiting-times,s:wp-vilnius|s:wp-medical-travel|s:eu-directive-2011-24|s:oecd-health-statistics|s:osm,cited,medium,True,2026-09-16,https://nanobotco.github.io/care-abroad/city/vilnius/
warsaw,hub,Warsaw,Warszawa,europe-central,PL,Warsaw,52.23,21.0111,"{""iso2"": ""PL"", ""radius_km"": 15, ""specialty"": [""dentistry"", ""cosmetic surgery"", ""bariatric surgery"", ""fertility"", ""orthopaedics""], ""draws"": [""dental-implant"", ""all-on-four"", ""rhinoplasty"", ""gastric-sleeve"", ""ivf""], ""languages"": [""Polish"", ""English"", ""German""]}","A capital of 1,866,729 people at the end of 2025, laid out in 18 districts, with the private clinics that take foreign patients concentrated in central Śródmieście and in Mokotów, Wola and Ochota around it. Warsaw sells dentistry and cosmetic and bariatric surgery to British, Irish and German patients on a two-hour flight, and it is also a departure point: the city is in a country whose own residents travel out for care its law does not provide.",0,0,poland|budapest|dental-implant|gastric-sleeve|abortion-care|circumvention-travel|eu-directive-2011-24|abortion-travel-law|who-travels,s:wp-warsaw|s:wp-medical-travel|s:eu-directive-2011-24|s:osm,cited,medium,True,2026-09-16,https://nanobotco.github.io/care-abroad/city/warsaw/
abdominoplasty,procedure,Abdominoplasty,tummy tuck|lipectomy|mini abdominoplasty|panniculectomy,global,,,,,"{""family"": ""cosmetic"", ""setting"": ""inpatient"", ""anaesthesia"": ""general""}","Skin and fat are cut away from the lower abdomen through a long transverse incision above the pubis, the separated abdominal muscles are usually stitched back together, the navel is brought out through a new opening and the remaining skin is drawn down and closed. Drains are common. It is the largest of the routine cosmetic operations, and the one whose recovery most resembles general surgery.",4,0,liposuction|gastric-sleeve|flying-after-surgery|dvt-pe|the-companion|thailand|czechia|poland|reading-the-exclusions,s:yanhee-plastic-prices|s:premier-clinic-prague-prices|s:artplastica-cennik|s:asps-cost-tummy-tuck|s:cdc-yellowbook-medical-tourism,cited,high,False,2026-09-16,https://nanobotco.github.io/care-abroad/procedure/abdominoplasty/
abortion-care,procedure,Abortion,termination of pregnancy|induced abortion|medical abortion|surgical abortion|vacuum aspiration|interrupción voluntaria del embarazo|IVG,global|europe-west|north-america,,,,,"{""family"": ""reproductive"", ""setting"": ""day-case"", ""anaesthesia"": ""varies""}","A pregnancy is ended, either with drugs or with a procedure. The drug route is two medicines taken a day or two apart, most of it completed at home, and it is used in early pregnancy. The procedure route empties the uterus through the cervix — by suction in the first trimester, by instruments later — takes minutes, and is done under local anaesthetic, sedation or general anaesthetic depending on the gestation and the clinic. Both are day cases; later gestations may take two days and a night.",3,0,abortion-travel-law|circumvention-travel|united-kingdom|united-states|ireland|cross-border-prescriptions|getting-a-quote|reading-the-exclusions|the-flight-home|patient-data-transfer|ivf,s:bpas-prices|s:carafem-cost|s:stimezo-zwolle-kosten|s:women-on-web,cited,high,False,2026-09-17,https://nanobotco.github.io/care-abroad/procedure/abortion-care/
acl-reconstruction,procedure,Anterior cruciate ligament reconstruction,ACL reconstruction|ACLR|knee ligament reconstruction,global,,,,,"{""family"": ""orthopaedic"", ""setting"": ""inpatient"", ""anaesthesia"": ""general""}","The torn cruciate ligament is replaced with a tendon graft threaded through tunnels drilled in the femur and the tibia and fixed at both ends. It is done arthroscopically, often with a meniscal repair in the same anaesthetic, and it is the operation of young sport rather than old arthritis. The rehabilitation, not the surgery, is the long part.",4,0,knee-arthroscopy|knee-replacement|bumrungrad|thailand|united-kingdom|lithuania|australia|follow-up-gap|aftercare-at-home|package-price,s:bumrungrad-joint-packages|s:practiceplus-knee|s:nordorthopaedics-prices|s:mbs-49542|s:cdc-yellowbook-medical-tourism,cited,high,False,2026-09-16,https://nanobotco.github.io/care-abroad/procedure/acl-reconstruction/
addiction-rehab,procedure,Residential addiction treatment,rehab|inpatient rehabilitation|detox and rehab|residential treatment programme,global|southeast-asia|europe-west,,,,,"{""family"": ""rehabilitation"", ""setting"": ""inpatient"", ""anaesthesia"": ""none""}","A stay of several weeks in a residential centre: medically supervised withdrawal where it is needed, then individual and group therapy, structured days, and an aftercare plan. The unit of sale is the programme or the week, not the procedure. Accommodation, food and staff time are most of the cost, which is why the price maps onto the local cost of living more directly than any surgical price does.",2,0,thailand|united-kingdom|panchakarma|wellness-travel|thai-medical-visa|cross-border-prescriptions|aftercare-at-home|insurance-exclusions|the-companion,s:dawn-rehab-rates|s:priory-rehab-cost,cited,medium,True,2026-09-16,https://nanobotco.github.io/care-abroad/procedure/addiction-rehab/
all-on-four,procedure,All-on-4,All-on-four|full-arch fixed bridge on four implants|fixed hybrid denture|teeth in a day,global,,,,,"{""family"": ""dental"", ""setting"": ""staged"", ""anaesthesia"": ""varies""}","Four implants are placed in one jaw, the back pair angled forward to avoid the sinus or the nerve, and a fixed bridge of ten to fourteen teeth is screwed onto them — often a temporary one within about a day, with the definitive bridge months later. One arch, one price. Two arches is two prices on every list read for this record.",3,0,dental-implant|full-mouth-restoration|dental-crown|thailand|hungary|mexico|los-algodones|budapest|reading-the-exclusions|implant-excluded|revision-at-home|package-price|graft,s:wp-all-on-4|s:bidc-fees|s:mdental-budapest-prices|s:sani-dental-prices|s:malo-all-on-four-2003|s:nobel-biocare-trademarks,cited,high,False,2026-09-17,https://nanobotco.github.io/care-abroad/procedure/all-on-four/
angioplasty-stent,procedure,Coronary angioplasty and stent,PCI|percutaneous coronary intervention|balloon angioplasty|stenting,global,,,,,"{""family"": ""cardiac"", ""setting"": ""inpatient"", ""anaesthesia"": ""sedation""}","A catheter is threaded from the wrist or the groin to the heart, dye shows where a coronary artery is narrowed, a balloon opens it and a metal mesh tube is left behind to hold it open. Two nights in hospital on the Bangkok packages read for this record. The stent itself is a manufactured device and is priced as one.",4,0,cabg|heart-valve-replacement|bangkok-hospital|medanta|implant-excluded|thailand|india|australia|reading-the-exclusions|counterfeit-medicines|follow-up-gap|tariff,s:bangkokhospital-heart-packages|s:mbs-38307|s:medanta-policy-forms|s:cdc-yellowbook-medical-tourism|s:hse-abf-2024-inpatient,cited,medium,True,2026-09-17,https://nanobotco.github.io/care-abroad/procedure/angioplasty-stent/
assisted-dying,procedure,Assisted dying,assisted suicide|accompanied suicide|voluntary assisted dying|VAD|physician-assisted death,global|europe-west,,,,,"{""family"": ""end-of-life"", ""setting"": ""staged"", ""anaesthesia"": ""none""}","A person who wishes to end their life is prescribed a lethal drug by a doctor and takes it themselves, with an organisation present. The steps are administrative for months and medical at the end: joining an association, submitting a medical history and documents, obtaining a doctor's provisional agreement to write a prescription, attending two consultations with that doctor in the country, and then an appointment. Nothing about it is a procedure in the surgical sense, and the only part that happens in a clinical setting is the consultation.",3,0,assisted-dying-law|switzerland|circumvention-travel|repatriation|the-companion|the-deposit|deposit-and-refund|getting-your-records|deciding-whether|informed-consent,s:dignitas-costs|s:dignitas-membership|s:pegasos-faqs|s:ch-criminal-code,cited,high,False,2026-09-17,https://nanobotco.github.io/care-abroad/procedure/assisted-dying/
bbl,procedure,Gluteal fat grafting,BBL|Brazilian butt lift|buttock augmentation with fat grafting|gluteal lipofilling|fat transfer to the buttocks,global,,,,,"{""family"": ""cosmetic"", ""setting"": ""day-case"", ""anaesthesia"": ""general""}","Fat is taken by liposuction from the abdomen, flanks or back, processed, and injected into the buttocks to add volume and change shape. Some of the graft is reabsorbed over months, which is why surgeons overfill and why a second session is common. The reported danger is specific and mechanical: fat entering a torn gluteal vein travels to the lungs as a pulmonary fat embolism.",3,0,bbl-mortality|liposuction|breast-augmentation|isaps|flying-after-surgery|dvt-pe|turkiye|poland|united-states|malpractice-recourse|revision-at-home,s:aserf-gluteal-fat-grafting-2017|s:premier-clinic-prague-prices|s:rpclinic-posladki-cennik|s:asps-cost-buttock|s:yanhee-plastic-prices,cited,high,False,2026-09-16,https://nanobotco.github.io/care-abroad/procedure/bbl/
bone-marrow-transplant,procedure,Bone marrow transplant,haematopoietic stem cell transplant|HSCT|stem cell transplant|BMT,global,,,,,"{""family"": ""transplant"", ""setting"": ""inpatient"", ""anaesthesia"": ""varies""}","The blood-forming system is destroyed by chemotherapy, with or without radiation, and replaced with stem cells — the patient's own, harvested and stored beforehand, or another person's. Milliman's terms are the usable ones: autologous, ""where the donor is the recipient"", and allogeneic, ""where the donor may be related or unrelated to the recipient"". The cells are given through a drip, not implanted. What follows is weeks of no immune system, and, in the allogeneic case, a lifetime of watching for the graft attacking the patient.",2,0,car-t|kidney-transplant|india|turkiye|blood-supply-safety|antimicrobial-resistance|the-escort-burden|follow-up-gap|who,s:milliman-transplant-2025|s:wmda-global-database|s:gragert-nejm-2014,cited,high,False,2026-09-16,https://nanobotco.github.io/care-abroad/procedure/bone-marrow-transplant/
breast-augmentation,procedure,Breast augmentation,augmentation mammoplasty|boob job|breast enlargement|fat transfer to the breast,global,,,,,"{""family"": ""cosmetic"", ""setting"": ""day-case"", ""anaesthesia"": ""general""}","A silicone shell filled with cohesive gel or saline is placed behind the breast tissue or behind the chest muscle, through a cut in the fold under the breast, around the areola or in the armpit. The alternative operation takes fat by liposuction from elsewhere on the body and injects it into the breast, which adds less volume and holds it less predictably. An implant is a device with a serial number, a manufacturer and a register, and it is not permanent.",4,0,bbl|liposuction|thailand|czechia|poland|implant-excluded|revision|follow-up-gap|isaps|reading-the-exclusions,s:yanhee-plastic-prices|s:premier-clinic-prague-prices|s:artplastica-cennik|s:asps-cost-breast-augmentation,cited,high,False,2026-09-16,https://nanobotco.github.io/care-abroad/procedure/breast-augmentation/
cabg,procedure,Coronary artery bypass grafting,CABG|heart bypass|coronary bypass|open heart surgery,global,,,,,"{""family"": ""cardiac"", ""setting"": ""inpatient"", ""anaesthesia"": ""general""}","A length of vein from the leg or artery from the chest wall is sewn around a blocked coronary artery so blood reaches the muscle beyond it. Several grafts in one operation is usual. Eight nights in hospital on the Bangkok packages read for this record, seven for the minimally invasive version, and weeks before a long flight.",4,0,angioplasty-stent|heart-valve-replacement|narayana-health|bangkok-hospital|india|thailand|united-states|australia|bengaluru|tariff|flying-after-surgery|repatriation-cost|follow-up-gap,s:bangkokhospital-heart-packages|s:wp-devi-shetty|s:mbs-38502|s:cdc-yellowbook-medical-tourism|s:wp-narayana-health,cited,high,False,2026-09-17,https://nanobotco.github.io/care-abroad/procedure/cabg/
car-t,procedure,CAR T-cell therapy,chimeric antigen receptor T-cell therapy|CAR-T|tisagenlecleucel|axicabtagene ciloleucel,global,,,,,"{""family"": ""oncology"", ""setting"": ""inpatient"", ""anaesthesia"": ""none""}","A patient's own T cells are collected from the blood, genetically modified in a factory to carry a receptor for a marker on their cancer, grown up, frozen, shipped back and infused after a short course of chemotherapy that clears room for them. The Kymriah label describes cells ""obtained via a standard leukapheresis procedure"", enriched, ""transduced with the lentiviral vector containing the anti-CD19 CAR transgene"", expanded, washed and cryopreserved. It is given once. The dangerous part is what the cells do in the fortnight after they go in.",5,0,bone-marrow-transplant|proton-therapy|gamma-knife|s2-route|germany|india|alone-after-discharge|the-companion|insurance-exclusions,s:fda-kymriah-label|s:yescarta-pi|s:fda-cart-rems-removal|s:hemasphere-cart-map|s:cancers-cart-rems|s:advther-cart-medicare|s:nice-ta872|s:bloodadv-cart-costs|s:statnews-kymriah-price|s:bct-nexcar19,cited,high,False,2026-09-16,https://nanobotco.github.io/care-abroad/procedure/car-t/
cataract-surgery,procedure,Cataract surgery,phacoemulsification|phaco|lens extraction with intraocular lens|IOL surgery,global,,,,,"{""family"": ""ophthalmic"", ""setting"": ""day-case"", ""anaesthesia"": ""local""}","The clouded natural lens is broken up by ultrasound and removed through a small wound, and an artificial lens is folded into the empty capsule. Fifteen or twenty minutes under drops or a local block, one eye at a time, no admission on any page read for this record. *Trade practice —* it is generally counted the highest-volume operation in the world, which is what makes it the one procedure where state tariffs, hospital packages and clinic lists can all be read against each other.",3,0,lasik|icl|knee-replacement|bumrungrad|thailand|australia|eu-directive-2011-24|implant-excluded|reading-the-exclusions|follow-up-gap|tariff|oecd-waiting-times,s:bumrungrad-phaco-monofocal|s:bumrungrad-eye-packages|s:rutnin-cataract-package|s:hse-cbd-niphs-drg-guide|s:mbs-42702|s:nhs-rtt-july-2026,cited,high,False,2026-09-17,https://nanobotco.github.io/care-abroad/procedure/cataract-surgery/
cochlear-implant,procedure,Cochlear implant,CI|cochlear implantation|auditory prosthesis,global,,,,,"{""family"": ""neurological"", ""setting"": ""day-case"", ""anaesthesia"": ""general""}","An electronic device that bypasses the damaged inner ear and stimulates the hearing nerve directly. The US National Institute on Deafness and Other Communication Disorders describes four parts: a microphone, a speech processor, ""a transmitter and receiver/stimulator, which receive signals from the speech processor and convert them into electric impulses"", and ""an electrode array, which is a group of electrodes that collects the impulses from the stimulator and sends them to different regions of the auditory nerve"". The receiver-stimulator and the array are surgical and permanent. The microphone and processor are worn, replaceable, and priced separately. As of December 2019 the institute counts ""approximately 736,900 registered devices"" implanted worldwide.",3,0,follow-up-gap|aftercare-at-home|revision-at-home|implant-excluded|the-discharge-summary|india|turkiye|australia|insurance-exclusions,s:nidcd-cochlear|s:pharmacoecon-ci-upgrade|s:jcm-cusp-upgrade|s:eur-arch-ci-finland,cited,high,False,2026-09-16,https://nanobotco.github.io/care-abroad/procedure/cochlear-implant/
dental-crown,procedure,Dental crown,cap|porcelain fused to metal crown|zirconia crown|e.max crown,global,,,,,"{""family"": ""dental"", ""setting"": ""day-case"", ""anaesthesia"": ""local""}","A tooth is reduced to a stump, an impression or scan is taken, a laboratory makes a cover in metal, porcelain-fused-to-metal, lithium disilicate or zirconia, and it is cemented or screwed on. Two visits usually, or one where the clinic mills the crown on site. It is the commonest single line on a dental travel bill because almost every other treatment ends with one.",5,0,dental-implant|root-canal|veneers|full-mouth-restoration|thailand|hungary|poland|united-kingdom|budapest|los-algodones|getting-a-quote|revision-at-home,s:bidc-fees|s:mdental-budapest-prices|s:sani-dental-prices|s:indexmedica-prices|s:nhs-dental-charges,cited,high,False,2026-09-17,https://nanobotco.github.io/care-abroad/procedure/dental-crown/
dental-implant,procedure,Dental implant,implant fixture|endosseous implant|single tooth implant,global,,,,,"{""family"": ""dental"", ""setting"": ""staged"", ""anaesthesia"": ""local""}",A titanium or ceramic screw is placed in the jaw where a tooth was. Bone grows onto it over months; then an abutment is screwed into it and a crown is cemented or screwed onto that. The surgery is a clinic appointment under local anaesthetic. The waiting is the part that decides how many flights a foreign patient takes.,4,0,dental-crown|all-on-four|full-mouth-restoration|thailand|hungary|mexico|poland|los-algodones|budapest|implant-excluded|reading-the-exclusions|follow-up-gap,s:bidc-fees|s:mdental-budapest-prices|s:sani-dental-prices|s:indexmedica-prices,cited,high,False,2026-09-16,https://nanobotco.github.io/care-abroad/procedure/dental-implant/
dhi-hair-transplant,procedure,Direct hair implantation (DHI),DHI|implanter pen technique|Choi implanter technique|direct hair transplantation,global,,,,,"{""family"": ""hair"", ""setting"": ""day-case"", ""anaesthesia"": ""local""}","Follicular units are harvested as in follicular unit extraction, then loaded one at a time into a hollow implanter pen that both makes the recipient channel and delivers the graft in a single movement, rather than the two-stage method of cutting slits first and placing grafts into them. The harvest, the anaesthetic, the day and the donor limits are the same as FUE. What changes is the instrument, the number of staff hours, and the price tier.",2,0,hair-transplant-fue|graft|istanbul|turkiye|uae|dubai|ishrs|advertising-rules|getting-a-quote,s:dhi-dubai-cost|s:estenove-cost|s:ishrs-unlicensed-technicians,cited,medium,True,2026-09-16,https://nanobotco.github.io/care-abroad/procedure/dhi-hair-transplant/
dialysis-holiday,procedure,Dialysis away from home,holiday dialysis|vacation dialysis|guest dialysis|transient dialysis|haemodialysis for travelling patients,global|southeast-asia|west-asia|europe-south|north-america,,,,,"{""family"": ""rehabilitation"", ""setting"": ""outpatient-course"", ""anaesthesia"": ""none""}","A person on maintenance haemodialysis books sessions at a unit somewhere else and goes there. The treatment is the one they already have: needles into a fistula or a line, four hours on a machine, three times a week, indefinitely. What travels with them is a prescription — dry weight, dialysate composition, heparin, machine settings — and a set of virology results the receiving unit will want before it agrees to a slot.",5,0,kidney-transplant|liver-transplant|thailand|phuket|spain|turkiye|eu-directive-2011-24|insurance-exclusions|getting-your-records|booking-the-flight|bloodborne-virus|follow-up-gap,s:bph-holiday-dialysis|s:vibhavadi-hemodialysis|s:freedom-dialysis-spain|s:freedom-dialysis-turkey|s:cms-esrd-pps-2026|s:nephrocare-holiday-dialysis,cited,high,False,2026-09-17,https://nanobotco.github.io/care-abroad/procedure/dialysis-holiday/
disc-replacement,procedure,Artificial disc replacement,total disc replacement|TDR|disc arthroplasty|cervical disc replacement|CDR|ADR,global,,,,,"{""family"": ""orthopaedic"", ""setting"": ""inpatient"", ""anaesthesia"": ""general""}","The worn disc is removed and replaced with a metal-and-polymer implant that keeps the two vertebrae moving, instead of a cage and screws that lock them together. It is done at one level in the neck or the lower back, for degenerative disc disease with nerve symptoms that has not settled with conservative treatment.",3,0,spinal-fusion|bumrungrad|thailand|india|australia|implant-excluded|reading-the-exclusions|prior-authorisation|tariff|the-price-that-isnt,s:bumrungrad-cdr01|s:bumrungrad-spine-packages|s:mbs-51131|s:yashoda-adr-cost,cited,medium,True,2026-09-16,https://nanobotco.github.io/care-abroad/procedure/disc-replacement/
egg-donation,procedure,Egg donation,oocyte donation|donor egg IVF|DIVF|OD|ovodonación,global,,,,,"{""family"": ""fertility"", ""setting"": ""outpatient-course"", ""anaesthesia"": ""sedation""}","A donor is screened and stimulated, her eggs are collected, and they are fertilised with the recipient's partner's sperm or with donor sperm; the resulting embryo goes into the recipient, whose own cycle is timed to match or suppressed and replaced with hormones. The recipient has no egg collection and needs no sedation of her own. What is bought is a stranger's ovarian reserve, and what varies across borders is whether that stranger may be paid, whether she stays anonymous, and how old the recipient is allowed to be.",7,0,ivf|donor-anonymity-law|sperm-donation|egg-freezing|circumvention-travel|reproductive-exile|hfea|eshre|reading-the-exclusions|czechia|greece|spain,s:eshre-art-factsheet|s:shenfield-2010|s:reprofit-pricelist-2026|s:newlife-ivf-costs|s:fertilab-pricing|s:cny-ivf-cost|s:hfea-donating-eggs|s:hfea-donating-sperm|s:hfea-2023-trends|s:cdc-art-2022-summary,cited,high,False,2026-09-16,https://nanobotco.github.io/care-abroad/procedure/egg-donation/
egg-freezing,procedure,Egg freezing,oocyte cryopreservation|oocyte vitrification|social freezing|fertility preservation,global,,,,,"{""family"": ""fertility"", ""setting"": ""day-case"", ""anaesthesia"": ""sedation""}","The first half of an IVF cycle, stopped after the eggs are collected. Drugs stimulate the ovaries, the eggs are collected under sedation or general anaesthetic, a cryoprotectant is applied, and the eggs are vitrified and held in liquid nitrogen. Nothing is fertilised. Years later the eggs are thawed, injected with sperm and cultured, and that second treatment is bought again at the prices of the later year. The storage is invoiced annually in between.",4,0,ivf|egg-donation|icsi|pgt|hfea|cdc-art-results|deposit-and-refund|the-price-that-isnt|out-of-pocket,s:hfea-egg-freezing|s:cdc-art-2022-summary|s:reprofit-pricelist-2026|s:fertilab-pricing|s:newlife-ivf-costs|s:eshre-art-factsheet,cited,high,False,2026-09-16,https://nanobotco.github.io/care-abroad/procedure/egg-freezing/
executive-health-screening,procedure,Executive health screening,executive check-up|health screening package|comprehensive medical check-up|annual physical,global|southeast-asia|east-asia,,,,,"{""family"": ""diagnostic"", ""setting"": ""outpatient-course"", ""anaesthesia"": ""none""}","A fixed bundle of tests run in half a day: history and examination, bloods, urine and stool, an electrocardiogram, a chest X-ray, an abdominal ultrasound, with imaging, endoscopy and cardiac stress testing added in the larger tiers. The result is a printed report and a consultation. It is bought, not prescribed, and the buyer is usually well.",3,0,bumrungrad|thailand|malaysia|singapore|bangkok|wellness-travel|package-price|follow-up-gap|getting-your-records|dialysis-holiday,s:bumrungrad-executive-checkup|s:princecourt-health-screening|s:raffles-screening-ladies,cited,high,False,2026-09-16,https://nanobotco.github.io/care-abroad/procedure/executive-health-screening/
facelift,procedure,Facelift,rhytidectomy|SMAS facelift|deep plane facelift|mid-facelift|neck lift,global,,,,,"{""family"": ""cosmetic"", ""setting"": ""inpatient"", ""anaesthesia"": ""general""}","Incisions are made in front of and behind the ear and into the hairline, the skin is lifted, the fibrous layer beneath it is repositioned or tightened, excess skin is trimmed and the wound closed along the lines where the scars can hide. Neck lifts and brow lifts are separate operations sold alongside. The facial nerve runs through the field, and injury to a branch of it is the complication surgeons describe first.",4,0,rhinoplasty|south-korea|thailand|czechia|united-states|the-companion|aftercare-at-home|package-price|informed-consent,s:yanhee-plastic-prices|s:premier-clinic-prague-prices|s:artplastica-cennik|s:asps-cost-facelift,cited,high,False,2026-09-16,https://nanobotco.github.io/care-abroad/procedure/facelift/
full-mouth-restoration,procedure,Full mouth restoration,full mouth rehabilitation|full mouth reconstruction|smile makeover|full arch reconstruction,global,,,,,"{""family"": ""dental"", ""setting"": ""staged"", ""anaesthesia"": ""varies""}","Rebuilding both jaws: extractions where teeth cannot be kept, implants or bridges where they cannot be replaced otherwise, crowns on what remains, and often a raising of the bite. It runs over months and two or more trips, and it is the largest single bill in dental travel. No price page read for this record publishes one number for it.",4,0,all-on-four|dental-implant|dental-crown|veneers|mexico|thailand|hungary|united-kingdom|los-algodones|budapest|reading-the-exclusions|the-deposit|follow-up-gap,s:sani-dental-prices|s:bidc-fees|s:mdental-budapest-prices|s:nhs-dental-charges,cited,medium,True,2026-09-17,https://nanobotco.github.io/care-abroad/procedure/full-mouth-restoration/
gallbladder-removal,procedure,Gallbladder removal,cholecystectomy|laparoscopic cholecystectomy|lap chole|keyhole gallbladder surgery,global,,,,,"{""family"": ""general-surgery"", ""setting"": ""day-case"", ""anaesthesia"": ""general""}","The gallbladder is removed through four small incisions with a camera, or through a larger cut where the keyhole route fails. Done for gallstones — hardened deposits of digestive fluid, in the hospital page's own words — and for the pain and inflammation they cause. One night on the Bangkok package read for this record; a day case on the Irish tariff, which pays the same figure either way.",4,0,hernia-repair|hysterectomy|bumrungrad|bangkok-hospital|thailand|australia|united-kingdom|eu-directive-2011-24|reading-the-exclusions|flying-after-surgery|follow-up-gap|oecd-waiting-times,s:bumrungrad-sur04|s:bumrungrad-surgical-packages|s:bangkokhospital-cholecystectomy|s:hse-cbd-niphs-drg-guide|s:hse-abf-2024-inpatient|s:mbs-30443|s:nhs-rtt-july-2026|s:ntpf-may-2026|s:cdc-yellowbook-medical-tourism,cited,high,False,2026-09-17,https://nanobotco.github.io/care-abroad/procedure/gallbladder-removal/
gamma-knife,procedure,Gamma knife radiosurgery,Leksell Gamma Knife|stereotactic radiosurgery|SRS|gamma knife surgery,global,,,,,"{""family"": ""neurological"", ""setting"": ""day-case"", ""anaesthesia"": ""local""}","A high dose of radiation delivered to a target inside the skull from many directions at once, so that the beams meet at the lesion and each individual path through healthy brain carries little dose. The head is held still, by a frame pinned to the skull under local anaesthetic or by a moulded mask on newer machines, and the whole treatment is given in one session. It is used for small brain tumours, for metastases, for arteriovenous malformations and for trigeminal neuralgia. There is no incision and no general anaesthetic.",0,0,proton-therapy|car-t|second-opinion|getting-your-records|follow-up-gap|insurance-exclusions|medical-travel,s:elekta-50-years|s:london-gamma-knife|s:srs-two-decades,cited,medium,True,2026-09-16,https://nanobotco.github.io/care-abroad/procedure/gamma-knife/
gastric-balloon,procedure,Gastric balloon,intragastric balloon|Orbera|Allurion|swallowable balloon|weight loss balloon,global,,,,,"{""family"": ""bariatric"", ""setting"": ""day-case"", ""anaesthesia"": ""sedation""}","A soft balloon is placed in the stomach and filled, so the stomach holds less and fullness comes sooner. It is a temporary device, not an operation: nothing is cut, stapled or removed, and it comes out again. In the NHS description a camera goes down first, then the empty balloon is swallowed with a thin tube attached that fills it with salt water once in place; the whole thing takes around 20 minutes. The FDA states the maximum placement period for the two liquid-filled brands it wrote to providers about as six months.",3,0,gastric-sleeve|gastric-bypass|mexico|united-states|follow-up-gap|reading-the-exclusions|deposit-and-refund|package-price,s:fda-intragastric-balloon|s:nhs-weight-loss-surgery-how|s:nhs-weight-loss-surgery|s:tijuana-bariatric-center-cost|s:bodevolve-balloon-cost,cited,high,False,2026-09-16,https://nanobotco.github.io/care-abroad/procedure/gastric-balloon/
gastric-bypass,procedure,Gastric bypass,Roux-en-Y gastric bypass|RYGB|mini gastric bypass|one-anastomosis gastric bypass|OAGB,global,,,,,"{""family"": ""bariatric"", ""setting"": ""inpatient"", ""anaesthesia"": ""general""}","The stomach is divided with staples to leave a small pouch at the top, and that pouch is joined to the lower part of the small intestine, so food passes most of the stomach and the first stretch of bowel without meeting them. The NHS puts the operation at around two hours. It restricts what can be eaten and reduces what is absorbed, and the second half of that sentence is what makes lifelong supplementation and blood monitoring a condition of having had it rather than an optional extra.",2,0,gastric-sleeve|gastric-balloon|mexico|tijuana|follow-up-gap|revision-at-home|insurance-exclusions|flying-after-surgery|package-price,s:nhs-weight-loss-surgery|s:nhs-weight-loss-surgery-how|s:alo-bariatrics-cost|s:tijuana-bariatric-center-cost|s:cdc-yellowbook-medical-tourism,cited,high,False,2026-09-16,https://nanobotco.github.io/care-abroad/procedure/gastric-bypass/
gastric-sleeve,procedure,Sleeve gastrectomy,gastric sleeve|vertical sleeve gastrectomy|VSG|sleeve,global,,,,,"{""family"": ""bariatric"", ""setting"": ""inpatient"", ""anaesthesia"": ""general""}","Around 80% of the stomach is removed to leave a much smaller, sleeve-shaped tube, under general anaesthetic and normally through keyhole incisions. The NHS puts the operation at one to three hours. The removed stomach does not grow back and the operation is not reversible. It is the highest-volume operation travelling to Türkiye and Mexico, and the one whose package price is easiest to find and hardest to compare.",6,0,gastric-bypass|gastric-balloon|turkiye|mexico|istanbul|tijuana|follow-up-gap|revision-at-home|flying-after-surgery|reading-the-exclusions|package-price|the-escort-burden,s:nhs-weight-loss-surgery|s:nhs-weight-loss-surgery-how|s:carely-gastric-sleeve|s:hayatmed-gastric-sleeve|s:euroistanbul-gastric-sleeve|s:alo-bariatrics-cost|s:mexico-bariatrics-center-sleeve|s:tijuana-bariatric-center-cost|s:cdc-yellowbook-medical-tourism,cited,high,False,2026-09-16,https://nanobotco.github.io/care-abroad/procedure/gastric-sleeve/
hair-transplant-fue,procedure,Follicular unit extraction,FUE|follicular unit excision|sapphire FUE|hair transplant,global,,,,,"{""family"": ""hair"", ""setting"": ""day-case"", ""anaesthesia"": ""local""}","Follicular units are cut out of the back and sides of the scalp one at a time with a punch under a millimetre across, sorted under magnification, and placed into slits made in the bald area. The donor area is finite and does not regrow; a transplant moves hair, it does not make more. The operation takes most of a day under local anaesthetic, and the transplanted hairs shed before they grow.",4,0,dhi-hair-transplant|fue|graft|istanbul|turkiye|turkiye-hair-boom|ishrs|advertising-rules|getting-a-quote|united-kingdom|uae,s:estenove-cost|s:wimpole-prices|s:wimpole-uk-cost-survey|s:dhi-dubai-cost|s:ishrs-unlicensed-technicians,cited,high,False,2026-09-16,https://nanobotco.github.io/care-abroad/procedure/hair-transplant-fue/
heart-valve-replacement,procedure,Heart valve replacement,valve replacement|aortic valve replacement|mitral valve replacement|AVR|MVR,global,,,,,"{""family"": ""cardiac"", ""setting"": ""inpatient"", ""anaesthesia"": ""general""}","A diseased valve — most often the aortic or the mitral — is cut out and a mechanical or tissue prosthesis is sewn in its place, on cardiopulmonary bypass through an opened chest, or through a smaller incision with an endoscope. Eight nights on the Bangkok packages read for this record, seven for the endoscopic version. The choice of prosthesis decides what happens for the rest of the patient's life: a mechanical valve means warfarin and monthly blood tests, a tissue valve means a second operation in ten to twenty years.",4,0,cabg|angioplasty-stent|knee-replacement|bangkok-hospital|thailand|australia|implant-excluded|follow-up-gap|revision-at-home|flying-after-surgery|reading-the-exclusions|package-price,s:bangkokhospital-heart-packages|s:mbs-38484|s:cdc-yellowbook-medical-tourism|s:hse-abf-2024-inpatient,cited,medium,True,2026-09-17,https://nanobotco.github.io/care-abroad/procedure/heart-valve-replacement/
hernia-repair,procedure,Hernia repair,herniorrhaphy|hernioplasty|inguinal hernia repair|umbilical hernia repair,global,,,,,"{""family"": ""general-surgery"", ""setting"": ""day-case"", ""anaesthesia"": ""general""}","A defect in the abdominal wall is closed and usually reinforced with a synthetic mesh, through an open incision or through keyhole ports. The commonest general-surgical operation in most countries. One night on the Bangkok packages read for this record; a day case on the Irish and Australian payer schedules, which price it both ways.",4,0,gallbladder-removal|prostatectomy|bumrungrad|thailand|australia|united-kingdom|eu-directive-2011-24|reading-the-exclusions|revision-at-home|flying-after-surgery|follow-up-gap|oecd-waiting-times,s:bumrungrad-sur05|s:bumrungrad-surgical-packages|s:hse-cbd-niphs-drg-guide|s:hse-abf-2024-inpatient|s:mbs-30648|s:nhs-rtt-july-2026|s:ntpf-may-2026|s:cdc-yellowbook-medical-tourism,cited,high,False,2026-09-17,https://nanobotco.github.io/care-abroad/procedure/hernia-repair/
hip-replacement,procedure,Total hip replacement,total hip arthroplasty|THA|THR|hip arthroplasty,global,,,,,"{""family"": ""orthopaedic"", ""setting"": ""inpatient"", ""anaesthesia"": ""regional""}","The worn ball and socket of the hip are cut out and replaced: a stem driven into the femur carrying a metal or ceramic head, and a cup fixed into the pelvis with a bearing inside it. It is done for arthritis, for fracture, and for a collapsed femoral head. The operation is short, the ward stay on published packages runs three to five nights, and the implant is billed separately from the surgery on most package price lists.",5,0,knee-replacement|bumrungrad|bangkok-hospital|thailand|united-kingdom|lithuania|implant-excluded|package-price|tariff|flying-after-surgery|revision-at-home|oecd-waiting-times|eu-directive-2011-24,s:bumrungrad-joint08|s:bangkok-hospital-hip-knee|s:practiceplus-hip|s:nordorthopaedics-prices|s:mbs-49318|s:nhs-hip-recovery|s:cdc-yellowbook-medical-tourism,cited,high,False,2026-09-16,https://nanobotco.github.io/care-abroad/procedure/hip-replacement/
hysterectomy,procedure,Hysterectomy,total laparoscopic hysterectomy|abdominal hysterectomy|vaginal hysterectomy|TLH,global,,,,,"{""family"": ""gynaecological"", ""setting"": ""inpatient"", ""anaesthesia"": ""general""}","The uterus is removed — through the abdomen, through the vagina, or through keyhole incisions with a camera, which is the route the packages read for this record price. Two nights on the Bangkok package, general anaesthetic, weeks before heavy lifting. It is done for fibroids, bleeding, prolapse, endometriosis and cancer, and only the non-cancer version travels.",3,0,prostatectomy|gallbladder-removal|bumrungrad|thailand|united-kingdom|australia|eu-directive-2011-24|implant-excluded|reading-the-exclusions|flying-after-surgery|follow-up-gap|oecd-waiting-times,s:bumrungrad-gyne03|s:hse-cbd-niphs-drg-guide|s:hse-abf-2024-inpatient|s:mbs-35653|s:nhs-rtt-july-2026|s:ntpf-may-2026|s:cdc-yellowbook-medical-tourism,cited,high,False,2026-09-17,https://nanobotco.github.io/care-abroad/procedure/hysterectomy/
icl,procedure,Implantable collamer lens,ICL|implantable contact lens|phakic intraocular lens|EVO ICL|toric ICL,global,,,,,"{""family"": ""ophthalmic"", ""setting"": ""day-case"", ""anaesthesia"": ""local""}","A soft lens is folded through a small corneal wound and placed behind the iris, in front of the eye's own lens, which stays. No tissue is removed and the operation can in principle be reversed. It is the answer for the eyes laser surgery is refused for — thin corneas, prescriptions too strong to carve — and it costs several times as much per eye.",3,0,lasik|cataract-surgery|bumrungrad|thailand|united-kingdom|bangkok|implant-excluded|reading-the-exclusions|follow-up-gap|insurance-exclusions,s:bumrungrad-icl-single-eye|s:bumrungrad-eye-packages|s:optegra-icl-costs|s:optegra-laser-costs,cited,high,False,2026-09-17,https://nanobotco.github.io/care-abroad/procedure/icl/
icsi,procedure,Intracytoplasmic sperm injection,ICSI|sperm injection|IVF-ICSI,global,,,,,"{""family"": ""fertility"", ""setting"": ""outpatient-course"", ""anaesthesia"": ""none""}","An embryologist holds one egg with a suction pipette, picks up one sperm in a glass needle a few micrometres across, pushes the needle through the egg's outer coat and membrane and releases the sperm inside. It was devised for male-factor infertility, where too few sperm swim or none can penetrate an egg, and it is now applied far beyond that. The step happens to a gamete on a microscope stage; the patient is not in the room, and is under anaesthesia only for the egg collection that precedes it.",4,0,ivf|sperm-donation|pgt|egg-donation|eshre|cdc-art-results|donor-anonymity-law|package-price|reading-the-exclusions,s:eshre-art-factsheet|s:cdc-art-2022-summary|s:reprofit-pricelist-2026|s:fertilab-pricing|s:newlife-ivf-costs|s:gurtin-2011-turkey|s:hfea-donating-sperm,cited,high,False,2026-09-16,https://nanobotco.github.io/care-abroad/procedure/icsi/
ivf,procedure,In vitro fertilisation,IVF|in vitro fertilization|assisted reproductive technology|ART,global,,,,,"{""family"": ""fertility"", ""setting"": ""outpatient-course"", ""anaesthesia"": ""sedation""}","Drugs stimulate the ovaries to ripen several eggs at once; the eggs are collected through the vaginal wall under sedation or general anaesthetic in about half an hour; the eggs are mixed with sperm in a laboratory; and two to five days later an embryo is placed in the womb. The HFEA puts a cycle at four to six weeks, or about three weeks where the first hormone-suppression stage is skipped. The stimulation drugs are billed separately by most clinics that publish a price, and they can run to a third of the bill.",7,0,icsi|egg-donation|pgt|egg-freezing|circumvention-travel|reproductive-exile|donor-anonymity-law|surrogacy-law|hfea|eshre|cycle|czechia|package-price,s:hfea-2023-trends|s:hfea-ivf|s:hfea-costs-funding|s:cdc-art-2022-summary|s:cdc-art-2019-national-summary|s:eshre-art-factsheet|s:shenfield-2010|s:inhorn-patrizio-2009|s:cohen-circumvention-2012|s:gurtin-2011-turkey|s:reprofit-pricelist-2026|s:fertilab-pricing|s:newlife-ivf-costs|s:cny-ivf-cost|s:hfea-donating-sperm|s:nhs-ivf,cited,high,False,2026-09-16,https://nanobotco.github.io/care-abroad/procedure/ivf/
kidney-transplant,procedure,Kidney transplant,renal transplant|renal transplantation|kidney graft,global,,,,,"{""family"": ""transplant"", ""setting"": ""inpatient"", ""anaesthesia"": ""general""}","A kidney from a living or a deceased donor is placed in the recipient's lower abdomen and plumbed into the iliac vessels and the bladder; the recipient's own kidneys are usually left in place. It replaces dialysis rather than curing the disease that destroyed the kidneys, and it commits the recipient to immunosuppressant drugs and monitoring for as long as the graft works. A living donor has a healthy organ removed and gains nothing clinically by it.",1,0,liver-transplant|transplant-prohibition|transplant-harm|declaration-of-istanbul-group|istanbul-declaration-2008|who|bone-marrow-transplant|bloodborne-virus|malpractice-recourse|follow-up-gap,s:doi-2018-text|s:declaration-of-istanbul|s:who-guiding-principles|s:usc-42-274e|s:milliman-transplant-2025|s:altheaby-transplant-tourism-2022|s:cdc-yellowbook-2026-medical-tourism,cited,high,False,2026-09-16,https://nanobotco.github.io/care-abroad/procedure/kidney-transplant/
knee-arthroscopy,procedure,Knee arthroscopy,keyhole knee surgery|arthroscopic partial meniscectomy|meniscus surgery|knee scope,global,,,,,"{""family"": ""orthopaedic"", ""setting"": ""day-case"", ""anaesthesia"": ""general""}","A camera and instruments go into the knee through two or three small portals. Torn meniscus is trimmed or stitched, loose bodies are removed, roughened cartilage is smoothed, the joint is washed out. It is usually a day case or one night, and it is the cheapest of the knee operations on this site's price table by a factor of three.",4,0,acl-reconstruction|knee-replacement|bumrungrad|thailand|united-kingdom|lithuania|australia|day-case|prior-authorisation|is-it-cheaper,s:bumrungrad-joint-packages|s:practiceplus-knee|s:nordorthopaedics-prices|s:mbs-49572,cited,medium,True,2026-09-16,https://nanobotco.github.io/care-abroad/procedure/knee-arthroscopy/
knee-replacement,procedure,Total knee replacement,total knee arthroplasty|TKA|knee arthroplasty|knee replacement,global,,,,,"{""family"": ""orthopaedic"", ""setting"": ""inpatient"", ""anaesthesia"": ""regional""}","The worn surfaces of the knee are cut away and replaced with metal and plastic: a femoral component on the thigh bone, a tibial tray on the shin, a polyethylene bearing between them, and often a patellar button behind the kneecap. It is done for arthritis that has stopped responding to anything else. Recovery runs in weeks, not days, and the implant itself is a separate purchase from the operation on most package price lists.",4,0,hip-replacement|bumrungrad|thailand|package-price|implant-excluded|flying-after-surgery|waiting-lists|follow-up-gap|world-bank-health-spending,s:bumrungrad-joint04|s:bumrungrad-packages|s:cdc-yellowbook-medical-tourism,cited,high,False,2026-09-17,https://nanobotco.github.io/care-abroad/procedure/knee-replacement/
lasik,procedure,LASIK,laser in situ keratomileusis|laser eye surgery|femto-LASIK|laser vision correction,global,,,,,"{""family"": ""ophthalmic"", ""setting"": ""day-case"", ""anaesthesia"": ""local""}","A thin flap is cut in the surface of the cornea, the tissue beneath is reshaped with an excimer laser to change where the eye focuses, and the flap is laid back without stitches. Both eyes in one sitting, minutes each, drops rather than injections. It treats the cornea, which means it cannot help an eye whose prescription is too strong or whose cornea is too thin — and that is the eye the implanted lens exists for.",4,0,icl|cataract-surgery|bumrungrad|united-kingdom|united-states|thailand|bangkok|insurance-exclusions|getting-a-quote|follow-up-gap|revision-at-home,s:optegra-laser-costs|s:lasikplus-lasik-cost|s:bumrungrad-relex-smile|s:bumrungrad-eye-packages|s:mbs-42702|s:lasikmd-pricing,cited,high,False,2026-09-17,https://nanobotco.github.io/care-abroad/procedure/lasik/
liposuction,procedure,Liposuction,lipoplasty|suction-assisted lipectomy|lipo|body contouring,global,,,,,"{""family"": ""cosmetic"", ""setting"": ""day-case"", ""anaesthesia"": ""varies""}","Fat is broken up and aspirated through small cannulas passed under the skin, usually after the area has been flooded with dilute local anaesthetic and adrenaline. It removes fat, not weight and not skin: where skin has lost its recoil, the result is loose skin over a smaller volume. Large-volume removal is a physiologically bigger operation than the price pages suggest, and anaesthetic and fluid management is where the published complications cluster.",4,0,bbl|abdominoplasty|breast-augmentation|thailand|czechia|united-states|anaesthetic-risk-unscreened|package-price|the-price-that-isnt,s:yanhee-plastic-prices|s:premier-clinic-prague-prices|s:artplastica-cennik|s:asps-cost-liposuction,cited,high,False,2026-09-16,https://nanobotco.github.io/care-abroad/procedure/liposuction/
liver-transplant,procedure,Liver transplant,orthotopic liver transplantation|OLT|living-donor liver transplant|LDLT|hepatic transplantation,global,,,,,"{""family"": ""transplant"", ""setting"": ""inpatient"", ""anaesthesia"": ""general""}","A diseased liver is removed and replaced, either with a whole organ from a deceased donor or with a lobe cut from a living one. The graft is joined to the recipient's hepatic artery, portal vein, inferior vena cava and bile duct, and the bile duct is where most of the later trouble comes from. The recipient takes immunosuppressant drugs for as long as the graft works. A living donor has healthy liver tissue removed, gains nothing clinically, and keeps the scar.",3,0,kidney-transplant|transplant-prohibition|transplant-harm|declaration-of-istanbul-group|istanbul-declaration-2008|who|bone-marrow-transplant|india|bloodborne-virus|follow-up-gap|malpractice-recourse|medical-visa,s:neupane-liver-transplant-2021|s:milliman-transplant-table-2025|s:milliman-transplant-press-2025|s:psri-liver-cost-2026|s:declaration-of-istanbul|s:doi-2018-text|s:who-guiding-principles|s:usc-42-274e,cited,high,False,2026-09-17,https://nanobotco.github.io/care-abroad/procedure/liver-transplant/
panchakarma,procedure,Panchakarma,pancakarma|Ayurvedic purification therapy|body purification programme|Ayurveda cure,south-asia|europe-west,,,,,"{""family"": ""rehabilitation"", ""setting"": ""outpatient-course"", ""anaesthesia"": ""none""}","A residential course of Ayurvedic treatment, prescribed by a physician after consultation and run daily for two to four weeks: oil applications and massage, herbal steam, forehead oil pouring, medicated enemas and internal preparations, with a prescribed vegetarian diet, yoga and rest. It is bought by the night or by the package, and the treatment plan is set by the resident doctor rather than by the price paid.",3,0,india|sri-lanka|germany|wellness-travel|health-tourism|addiction-rehab|executive-health-screening|counterfeit-medicines|length-of-stay,s:somatheeram-tariff-2025-26|s:barberyn-summer-rates|s:parkschloesschen-panchakarma,cited,high,False,2026-09-16,https://nanobotco.github.io/care-abroad/procedure/panchakarma/
pgt,procedure,Preimplantation genetic testing,PGT|PGT-A|PGT-M|PGT-SR|PGS|PGD|embryo screening,global,,,,,"{""family"": ""fertility"", ""setting"": ""staged"", ""anaesthesia"": ""none""}","A few cells are taken from the outer layer of a five-day-old embryo, the embryo is frozen, and the cells are sequenced. PGT-A counts chromosomes and reports each embryo as euploid, aneuploid or mosaic; PGT-M looks for one inherited condition already known in the family; PGT-SR looks for a structural rearrangement a parent carries. The transfer happens weeks later, after the results. Nothing is done to the patient: the biopsy is done to the embryo, and the anaesthesia belonged to the egg collection days earlier.",4,0,ivf|icsi|egg-donation|surrogacy|hfea|cdc-art-results|circumvention-travel|the-price-that-isnt|reading-the-exclusions,s:hfea-pgt-a|s:cdc-art-2022-summary|s:reprofit-pricelist-2026|s:cny-ivf-cost|s:cohen-circumvention-2012,cited,high,False,2026-09-16,https://nanobotco.github.io/care-abroad/procedure/pgt/
phalloplasty,procedure,Phalloplasty,gender-affirming phalloplasty|RFF phalloplasty|ALT phalloplasty|bottom surgery|genital reconstruction,global|southeast-asia|north-america|europe-west,,,,,"{""family"": ""gender-affirming"", ""setting"": ""staged"", ""anaesthesia"": ""general""}","A penis is built from a flap of the patient's own skin, fat and nerve — most often the forearm, otherwise the thigh, groin or back — transferred to the pubis and connected to blood vessels and nerves there. Where urethral lengthening is done, a tube is made inside the flap so that urine passes through the new organ; that is the part that leaks, narrows and needs repair most often. Rigidity, where it is wanted, comes later from an implanted prosthesis, and testicular prostheses later still. The work is staged across separate admissions and usually separate years.",3,0,gender-affirming-care-access|vaginoplasty|top-surgery|hysterectomy|thailand|bangkok|united-states|revision-at-home|follow-up-gap|implant-excluded|getting-a-quote|reading-the-exclusions,s:yanhee-plastic-prices|s:gcc-bottom-surgery-cost|s:kamol-phalloplasty|s:ltc-price-list,cited,high,False,2026-09-17,https://nanobotco.github.io/care-abroad/procedure/phalloplasty/
prostatectomy,procedure,Prostatectomy,radical prostatectomy|robotic-assisted radical prostatectomy|RARP|TURP,global,,,,,"{""family"": ""urological"", ""setting"": ""inpatient"", ""anaesthesia"": ""general""}","For cancer, the whole prostate and the seminal vesicles are removed and the bladder rejoined to the urethra — increasingly through a robotic console, with four nights on the Bangkok package read for this record. For benign enlargement, the obstructing tissue is shaved away from inside through the urethra, with three nights on the same hospital's list. Continence and erectile function are the outcomes that decide whether the operation was a good one, and no price page read here mentions either.",4,0,hysterectomy|hernia-repair|bumrungrad|thailand|australia|united-kingdom|eu-directive-2011-24|reading-the-exclusions|follow-up-gap|the-discharge-summary|flying-after-surgery|oecd-waiting-times,s:bumrungrad-robotic05|s:bumrungrad-urology-packages|s:hse-abf-2024-inpatient|s:mbs-37210|s:nhs-rtt-july-2026|s:ntpf-may-2026|s:cdc-yellowbook-medical-tourism,cited,high,False,2026-09-17,https://nanobotco.github.io/care-abroad/procedure/prostatectomy/
proton-therapy,procedure,Proton beam therapy,proton therapy|PBT|proton beam radiotherapy|particle therapy,global,,,,,"{""family"": ""oncology"", ""setting"": ""outpatient-course"", ""anaesthesia"": ""none""}","Radiotherapy delivered with protons instead of X-rays. A proton slows as it travels through tissue and releases most of its energy at the point where it stops, so a beam aimed to stop inside a tumour deposits its dose there and little beyond it. Cancer Research UK puts it plainly: protons ""treat cancer by producing a sudden burst of energy when they stop"", destroying the tumour and causing ""little damage to the nearby healthy cells"". The treatment is given daily over weeks, with no hospital admission, and the machine that produces the beam costs more than most hospitals.",0,0,gamma-knife|car-t|united-kingdom|united-states|japan|uk-nhs-treatment-abroad|the-companion|insurance-exclusions|repatriation-cost,s:ptcog-world-map|s:ptcog-under-construction|s:frontiers-proton-2026|s:cruk-proton|s:nhs-pbt-adult-guide|s:nss-scotland-pbt|s:pop-cns-outcomes|s:pop-noncns-outcomes,cited,high,True,2026-09-16,https://nanobotco.github.io/care-abroad/procedure/proton-therapy/
rhinoplasty,procedure,Rhinoplasty,nose job|nasal reshaping|septorhinoplasty|open rhinoplasty|closed rhinoplasty,global,,,,,"{""family"": ""cosmetic"", ""setting"": ""day-case"", ""anaesthesia"": ""general""}","Bone and cartilage of the nose are cut, filed, repositioned or added to, through the nostrils or through a small bridging incision at the base of the nose. An implant or a graft of the patient's own cartilage builds a bridge; a rasp and osteotomes take one down. Swelling hides the result for months, and the operation has one of the higher revision rates in cosmetic surgery.",4,0,facelift|south-korea|turkiye|thailand|czechia|revision|revision-at-home|flying-after-surgery|package-price|the-price-that-isnt,s:yanhee-plastic-prices|s:premier-clinic-prague-prices|s:artplastica-cennik|s:asps-cost-rhinoplasty,cited,high,False,2026-09-16,https://nanobotco.github.io/care-abroad/procedure/rhinoplasty/
root-canal,procedure,Root canal treatment,endodontic treatment|root filling|RCT,global,,,,,"{""family"": ""dental"", ""setting"": ""day-case"", ""anaesthesia"": ""local""}","The dead or infected pulp is removed, the canals inside the root are cleaned, shaped and filled, and the tooth is sealed. The NHS describes it as treatment for infection at the centre of a tooth. One or two appointments under local anaesthetic, and the tooth usually needs a crown afterwards, which is a second bill.",5,0,dental-crown|dental-implant|full-mouth-restoration|thailand|hungary|mexico|poland|united-kingdom|getting-a-quote|revision-at-home,s:nhs-root-canal|s:nhs-dental-charges|s:bidc-fees|s:mdental-budapest-prices|s:sani-dental-prices|s:indexmedica-prices,cited,high,False,2026-09-17,https://nanobotco.github.io/care-abroad/procedure/root-canal/
shoulder-replacement,procedure,Total shoulder replacement,total shoulder arthroplasty|TSA|reverse total shoulder replacement|rTSA|shoulder arthroplasty,global,,,,,"{""family"": ""orthopaedic"", ""setting"": ""inpatient"", ""anaesthesia"": ""general""}","The arthritic or destroyed shoulder joint is replaced with a stemmed or stemless humeral component and a glenoid component. In an anatomic replacement the ball stays on the arm bone; in a reverse, the ball is fixed to the shoulder blade and the socket to the arm, so the deltoid can lift where the rotator cuff cannot. It is done for arthritis, for cuff-deficient arthritis and for some fractures.",3,0,hip-replacement|knee-replacement|bumrungrad|united-kingdom|lithuania|australia|implant-excluded|follow-up-gap|tariff|getting-a-quote,s:practiceplus-shoulder|s:nordorthopaedics-prices|s:mbs-48918|s:bumrungrad-joint-packages,cited,medium,True,2026-09-16,https://nanobotco.github.io/care-abroad/procedure/shoulder-replacement/
sperm-donation,procedure,Sperm donation,donor sperm|donor insemination|DI|AID,global,,,,,"{""family"": ""fertility"", ""setting"": ""outpatient-course"", ""anaesthesia"": ""none""}","Screened, frozen sperm from a man who is not the patient's partner, thawed and either placed in the uterus around ovulation — donor insemination, a few minutes in a clinic room with no anaesthetic — or used to fertilise eggs in an IVF or ICSI cycle. The sperm is bought as a unit: a straw, a vial, a sample. Almost everything that varies across borders concerns the donor rather than the technique: whether he may be paid, how much, how many families he may create, and whether the child may one day know his name.",4,0,icsi|egg-donation|donor-anonymity-law|ivf|hfea|circumvention-travel|surrogacy|united-kingdom,s:hfea-donating-sperm|s:hfea-2023-trends|s:reprofit-pricelist-2026|s:newlife-ivf-costs|s:fertilab-pricing|s:gurtin-2011-turkey,cited,high,False,2026-09-16,https://nanobotco.github.io/care-abroad/procedure/sperm-donation/
spinal-fusion,procedure,Spinal fusion,arthrodesis of the spine|ACDF|anterior cervical discectomy and fusion|TLIF|transforaminal lumbar interbody fusion|interbody fusion,global,,,,,"{""family"": ""orthopaedic"", ""setting"": ""inpatient"", ""anaesthesia"": ""general""}","Two vertebrae are joined into one bone. The disc between them is removed, a cage or a block of graft is packed into the gap, and screws and rods or a plate hold the segment still while it knits. It is done for instability, for deformity and for nerve compression that recurs. The unit of both surgery and price is the level; the metalwork and the graft are billed separately on most package pages.",4,0,disc-replacement|bumrungrad|thailand|united-kingdom|australia|implant-excluded|reading-the-exclusions|package-price|flying-after-surgery|follow-up-gap,s:bumrungrad-tlif01|s:bumrungrad-spine-packages|s:practiceplus-spinal|s:mbs-51041|s:cdc-yellowbook-medical-tourism,cited,high,False,2026-09-16,https://nanobotco.github.io/care-abroad/procedure/spinal-fusion/
stem-cell-unproven,procedure,Unapproved stem cell treatment,stem cell therapy|regenerative medicine|stromal vascular fraction|SVF|exosome therapy|cell therapy,global|north-america|mexico|central-america,,,,,"{""family"": ""unproven"", ""setting"": ""outpatient-course"", ""anaesthesia"": ""varies""}","A cell preparation is injected, infused or implanted as a treatment for a condition it has not been approved to treat. The cells come from the patient's own fat or bone marrow, or from donated birth tissue; the delivery is an outpatient appointment or a short course of them; the payment is in advance and in full. The transaction is complete whether or not anything happens afterwards.",2,0,unproven-stem-cell|stem-cell-regulation|advertising-rules|mexico|tijuana|panama|united-states|deciding-whether|second-opinion|malpractice-recourse|counterfeit-medicines|car-t,s:fda-regenerative-consumer-alert|s:fda-stem-cell-injunction-2019|s:kuriyan-stem-cell-2017|s:turner-knoepfler-2016|s:berger-2016-global-distribution|s:chavez-tijuana-2021|s:cellmedicine-stem-cell-cost|s:giostar-mexico-cost,cited,high,False,2026-09-17,https://nanobotco.github.io/care-abroad/procedure/stem-cell-unproven/
surrogacy,procedure,Surrogacy,gestational surrogacy|gestational carrier|traditional surrogacy|host surrogacy,global,,,,,"{""family"": ""fertility"", ""setting"": ""staged"", ""anaesthesia"": ""varies""}","A woman carries a pregnancy for someone else. In the usual form an embryo is created by IVF from the intended parents' or donors' gametes and transferred to her; she has no genetic link to the child. The medical part is a frozen embryo transfer, which is an outpatient appointment. Everything expensive and everything contested is elsewhere: the screening, the insurance, the compensation, the contract, and the legal step that moves parenthood from the woman who gave birth to the people who commissioned the pregnancy.",2,0,surrogacy-law|ivf|egg-donation|pgt|circumvention-travel|reproductive-exile|hfea|united-states|malpractice-recourse|deposit-and-refund,s:hfea-surrogacy|s:circle-surrogacy-cost|s:reprofit-pricelist-2026|s:cdc-art-2022-summary|s:cohen-circumvention-2012|s:inhorn-patrizio-2009,cited,medium,True,2026-09-16,https://nanobotco.github.io/care-abroad/procedure/surrogacy/
top-surgery,procedure,Top surgery,chest masculinisation|chest reconstruction|subcutaneous mastectomy|double incision with free nipple graft|keyhole top surgery|periareolar top surgery,global|southeast-asia|europe-west|north-america,,,,,"{""family"": ""gender-affirming"", ""setting"": ""inpatient"", ""anaesthesia"": ""general""}","Breast tissue is removed and the chest is reshaped to a male contour. Where the breasts are small and the skin elastic, the work is done through the areola and the nipple stays attached; where they are larger, the skin envelope is cut away in a horizontal ellipse and the nipples are taken off, resized and replaced as grafts. Liposuction is often added at the sides. Drains come out in days, stitches in about a week, and the scars are permanent and visible.",3,0,gender-affirming-care-access|vaginoplasty|phalloplasty|breast-augmentation|thailand|united-kingdom|united-states|reading-the-exclusions|flying-after-surgery|revision-at-home|follow-up-gap|insurance-exclusions,s:yanhee-plastic-prices|s:ltc-price-list|s:gcc-top-surgery-price|s:kamol-top-surgery,cited,high,False,2026-09-17,https://nanobotco.github.io/care-abroad/procedure/top-surgery/
vaginoplasty,procedure,Vaginoplasty,gender-affirming vaginoplasty|genital reconstruction|sex reassignment surgery|SRS|GCS|penile inversion vaginoplasty|peritoneal vaginoplasty,global|southeast-asia|west-asia|europe-west|north-america,,,,,"{""family"": ""gender-affirming"", ""setting"": ""inpatient"", ""anaesthesia"": ""general""}","The testes are removed, the penile and scrotal tissue is dismantled, and a vaginal canal is made in the space between the bladder and the rectum, lined with penile skin turned inside out, with a scrotal skin graft, with a segment of sigmoid colon, or with peritoneum drawn down from the abdomen. A clitoris is built from glans tissue on its own nerve, the urethra is shortened and repositioned, and labia are formed from the remaining skin. The canal is held open afterwards by dilation, which is a daily obligation for a long period and then a permanent one.",4,0,gender-affirming-care-access|phalloplasty|top-surgery|thailand|bangkok|united-kingdom|revision-at-home|follow-up-gap|reading-the-exclusions|the-companion|malpractice-recourse|circumvention-travel,s:yanhee-plastic-prices|s:ltc-price-list|s:gcc-bottom-surgery-cost|s:kamol-srs|s:chettawut-srs-faq|s:suporn-patient-administration,cited,high,False,2026-09-17,https://nanobotco.github.io/care-abroad/procedure/vaginoplasty/
veneers,procedure,Dental veneers,porcelain veneer|composite veneer|laminate veneer|smile makeover,global,,,,,"{""family"": ""dental"", ""setting"": ""day-case"", ""anaesthesia"": ""local""}","A thin facing is bonded to the front of a tooth, usually after some enamel is removed. Composite versions are shaped in the chair in one visit; porcelain and glass-ceramic ones are made in a laboratory and fitted at a second appointment. Cosmetic in most jurisdictions, which is why no state schedule read for this record pays for them.",4,0,dental-crown|full-mouth-restoration|dental-implant|thailand|hungary|mexico|poland|budapest|insurance-exclusions|getting-a-quote|revision-at-home,s:bidc-fees|s:mdental-budapest-prices|s:sani-dental-prices|s:indexmedica-prices|s:mbs-42702,cited,high,False,2026-09-17,https://nanobotco.github.io/care-abroad/procedure/veneers/
acibadem,facility,Acıbadem Healthcare Group,Acibadem|Acıbadem Sağlık Grubu|Acıbadem Altunizade Hospital,west-asia,TR,Istanbul,41.018996,29.046255,"{""iso2"": ""TR"", ""ownership"": ""private"", ""founded"": 1991, ""specialty"": [""oncology"", ""cardiology"", ""fertility"", ""orthopaedics"", ""transplantation"", ""health screening""], ""draws"": [""ivf"", ""executive-health-screening""], ""status"": ""open"", ""languages"": [""Turkish"", ""English"", ""Arabic"", ""Russian"", ""German""]}","A hospital group, not a building: 29 hospitals and 15 medical centres by the Wikipedia count, 45 or more hospitals and clinics by the group's own, spread across Türkiye, the Netherlands, Bulgaria, North Macedonia and Serbia. Mehmet Ali Aydınlar founded it in Istanbul in 1991; the Malaysian company IHH Healthcare has held the majority since 2011. This record is the group, and its point on the map is the flagship at Altunizade in Üsküdar.",0,0,istanbul|turkiye|gleneagles-kl|jci|turkiye-health-tourism-authorisation|executive-health-screening|ivf|getting-a-quote|the-price-that-isnt,s:wp-acibadem|s:acibadem-int-about|s:acibadem-checkup-packages|s:osm-nominatim|s:wp-medical-tourism-turkiye,cited,medium,True,2026-09-17,https://nanobotco.github.io/care-abroad/hospital/acibadem/
albert-einstein-sao-paulo,facility,Hospital Israelita Albert Einstein,Albert Einstein Israelite Hospital|Einstein|Sociedade Beneficente Israelita Brasileira Albert Einstein,south-america,BR,São Paulo,-23.599613,-46.71488,"{""iso2"": ""BR"", ""ownership"": ""nonprofit"", ""founded"": 1971, ""specialty"": [""oncology"", ""cardiology"", ""transplantation"", ""neurosciences"", ""health screening""], ""draws"": [""kidney-transplant"", ""liver-transplant"", ""bone-marrow-transplant"", ""executive-health-screening""], ""status"": ""open"", ""languages"": [""Portuguese"", ""English"", ""Spanish""]}","A private nonprofit hospital in Morumbi, on the south side of São Paulo, inaugurated on 28 July 1971 and run by the Sociedade Beneficente Israelita Brasileira Albert Einstein, a charitable society founded in 1955 by members of the city's Jewish community. In 1999 it became the first health institution outside the United States accredited by Joint Commission International.",0,0,brazil|jci|bumrungrad|liver-transplant|executive-health-screening|the-accreditation-question|counting-patients,s:wp-albert-einstein|s:osm-nominatim,cited,medium,True,2026-09-17,https://nanobotco.github.io/care-abroad/hospital/albert-einstein-sao-paulo/
american-hospital-dubai,facility,American Hospital Dubai,AHD|المستشفى الأمريكي دبي,gulf,AE,Dubai,25.235574,55.313076,"{""iso2"": ""AE"", ""ownership"": ""private"", ""founded"": 1996, ""specialty"": [""oncology"", ""cardiology"", ""obstetrics"", ""orthopaedics"", ""robotic surgery""], ""draws"": [""knee-replacement"", ""hip-replacement"", ""executive-health-screening"", ""gastric-sleeve""], ""status"": ""open"", ""languages"": [""Arabic"", ""English""]}","A 254-bed private acute general medical and surgical hospital in Dubai, established in 1996 by the Mohamed & Obaid Al Mulla Group, working in more than 40 specialties with seven satellite clinics across the emirate. It was the first hospital in the Middle East awarded Joint Commission International accreditation, and the inaugural member of the Mayo Clinic Care Network.",0,0,dubai|uae|jci|reading-the-exclusions|the-deposit|uae-clinic-licensing|package-price|counting-patients,s:ahd-about|s:ahd-normal-delivery|s:dubai-media-office-health-2023|s:dha-sheryan|s:osm-nominatim,cited,high,False,2026-09-17,https://nanobotco.github.io/care-abroad/hospital/american-hospital-dubai/
anadolu-medical-center,facility,Anadolu Medical Center,Anadolu Sağlık Merkezi|Anadolu Health Center,west-asia,TR,Gebze,40.817961,29.353312,"{""iso2"": ""TR"", ""ownership"": ""nonprofit"", ""founded"": 2005, ""specialty"": [""oncology"", ""bone marrow transplantation"", ""radiation oncology"", ""haematology""], ""draws"": [""bone-marrow-transplant"", ""proton-therapy"", ""gamma-knife"", ""car-t""], ""status"": ""open"", ""languages"": [""Turkish"", ""English"", ""Arabic"", ""Russian"", ""Romanian""]}","A 209-bed hospital at Gebze in Kocaeli, opened on 12 February 2005 by the Anadolu Foundation and affiliated since 2002 with Johns Hopkins Medicine International. It began as a cancer centre and works as a general hospital built around one: bone marrow transplantation, radiation oncology, haematology. It holds Joint Commission International accreditation first granted in 2007 and renewed six times since.",0,0,turkiye|istanbul|bone-marrow-transplant|jci|acibadem|turkiye-health-tourism-authorisation|the-accreditation-question|getting-your-records,s:wp-anadolu|s:anadolu-jci|s:osm-nominatim,cited,medium,True,2026-09-17,https://nanobotco.github.io/care-abroad/hospital/anadolu-medical-center/
apollo-chennai,facility,"Apollo Hospitals, Greams Road, Chennai",Apollo Main Hospital|Apollo Greams Road|அப்பல்லோ மருத்துவமனை,south-asia,IN,Chennai,13.0632248,80.2515817,"{""iso2"": ""IN"", ""ownership"": ""private"", ""founded"": 1983, ""specialty"": [""cardiac sciences"", ""oncology"", ""transplants"", ""orthopaedics"", ""neurosciences"", ""gastroenterology""], ""draws"": [""cabg"", ""liver-transplant"", ""kidney-transplant"", ""knee-replacement""], ""status"": ""open"", ""languages"": [""English"", ""Tamil"", ""Hindi""]}","The first hospital of the Apollo group, opened at Greams Road in Chennai in 1983 and still its flagship. It runs over sixty departments, states 1,500-plus outpatient visits a day and 500-plus international patient consultations a month, and sits within a few hundred metres of the group's children's hospital, women's hospital and heart centre.",0,0,chennai|india|prathap-reddy|cabg|proton-therapy|jci|nabh|india-e-medical-visa|getting-a-quote,s:wp-apollo-hospitals|s:apollo-greams-road|s:osm,cited,medium,True,2026-09-16,https://nanobotco.github.io/care-abroad/hospital/apollo-chennai/
asan-medical-center,facility,Asan Medical Center,AMC|서울아산병원|Seoul Asan Hospital|Seoul Jungang Hospital,east-asia,KR,Seoul,37.526304,127.109601,"{""iso2"": ""KR"", ""ownership"": ""nonprofit"", ""founded"": 1989, ""specialty"": [""transplantation"", ""oncology"", ""cardiology"", ""gastroenterology"", ""neurosciences""], ""draws"": [""liver-transplant"", ""kidney-transplant"", ""bone-marrow-transplant"", ""cabg"", ""proton-therapy""], ""status"": ""open"", ""languages"": [""Korean"", ""English"", ""Russian"", ""Arabic"", ""Mongolian""]}","South Korea's largest hospital: 2,446 beds on 280,000 square metres at 88 Olympic-ro 43-gil in Songpa-gu, Seoul, established in June 1989 by Chung Ju-yung through the charitable Asan Foundation. It averages 11,377 outpatients a day, records 654,536 inpatients and 47,460 complex operations a year, and Newsweek has placed it 22nd in the world and first in Korea for seven consecutive years.",0,0,seoul|south-korea|liver-transplant|samsung-medical-center|severance|korea-foreign-patient-registration|counting-patients|in-hospital,s:amc-introduction|s:wp-asan|s:khidi-medicalkorea|s:mohw-kr-foreign-patients-2024|s:osm-nominatim,cited,high,False,2026-09-17,https://nanobotco.github.io/care-abroad/hospital/asan-medical-center/
bangkok-hospital,facility,Bangkok Hospital,Bangkok Hospital Headquarters|BHQ|โรงพยาบาลกรุงเทพ,southeast-asia,TH,Bangkok,13.749195,100.5832663,"{""iso2"": ""TH"", ""ownership"": ""private"", ""founded"": 1972, ""specialty"": [""cardiology"", ""oncology"", ""neurology"", ""orthopaedics"", ""health screening"", ""emergency and air transfer""], ""draws"": [""knee-arthroscopy"", ""gallbladder-removal"", ""executive-health-screening""], ""status"": ""open"", ""languages"": [""Thai"", ""English"", ""Arabic"", ""Japanese"", ""Burmese"", ""Khmer"", ""Chinese"", ""German""]}","The flagship of Bangkok Dusit Medical Services, on a campus of specialist buildings down Soi Soonvijai off New Phetchaburi Road. It opened in 1972 with a team of physicians, pharmacists and thirty nurses, and now runs a heart hospital, a cancer hospital and a bone-and-joint hospital on the same site. It prices a long list of operations publicly, each with a stated window during which the price can be bought.",2,0,bangkok|thailand|bumrungrad|knee-arthroscopy|gallbladder-removal|thai-ha-institute|jci|package-price|implant-excluded,s:wp-bangkok-hospital|s:bangkokhospital-ourstory|s:bangkokhospital-awards|s:bangkokhospital-knee-arthroscopy|s:bangkokhospital-cholecystectomy|s:osm,cited,medium,True,2026-09-16,https://nanobotco.github.io/care-abroad/hospital/bangkok-hospital/
bumrungrad,facility,Bumrungrad International Hospital,Bumrungrad|โรงพยาบาลบำรุงราษฎร์,southeast-asia,TH,Bangkok,13.74639,100.5525,"{""iso2"": ""TH"", ""ownership"": ""private"", ""founded"": 1980, ""specialty"": [""orthopaedics"", ""cardiology"", ""oncology"", ""fertility"", ""spine"", ""health screening""], ""draws"": [""knee-replacement"", ""hip-replacement""], ""status"": ""open"", ""languages"": [""Thai"", ""English"", ""Arabic"", ""Japanese"", ""Mandarin""]}","A private hospital on Sukhumvit Soi 3 in Bangkok, opened in 1980 with 200 beds and listed on the Stock Exchange of Thailand since 1989. It treats more international patients than any other single hospital in the region and publishes fixed package prices for the operations it sells most, which is why it appears throughout this directory's price table.",0,0,knee-replacement|bangkok|thailand|jci|package-price|implant-excluded,s:wp-bumrungrad|s:bumrungrad-joint04|s:bumrungrad-packages,cited,high,False,2026-09-16,https://nanobotco.github.io/care-abroad/hospital/bumrungrad/
charite-international,facility,Charité International Patients,Charité Healthcare Services GmbH|CHS|Charité — Universitätsmedizin Berlin,europe-west,DE,Berlin,52.525852,13.377758,"{""iso2"": ""DE"", ""ownership"": ""university"", ""founded"": 1710, ""specialty"": [""oncology"", ""cardiac surgery"", ""neurosurgery"", ""transplantation"", ""rare disease""], ""draws"": [""car-t"", ""proton-therapy"", ""kidney-transplant"", ""liver-transplant"", ""bone-marrow-transplant""], ""status"": ""open"", ""languages"": [""German"", ""English"", ""Arabic"", ""Russian"", ""Polish"", ""Ukrainian""]}","The international-patient arm of Charité — Universitätsmedizin Berlin, the joint medical faculty of the Free University and the Humboldt University and, at about 3,000 beds across four campuses, the largest university hospital in Europe. The arm itself is Charité Healthcare Services GmbH, a wholly owned subsidiary that handles the administration for patients living outside Germany. This record pins Campus Charité Mitte.",0,0,germany|heidelberg-university-hospital|bumrungrad|car-t|eu-directive-2011-24|s2-route|getting-your-records|second-opinion|the-price-that-isnt,s:wp-charite|s:chs-charite-int|s:osm-nominatim,cited,medium,True,2026-09-17,https://nanobotco.github.io/care-abroad/hospital/charite-international/
clinica-biblica,facility,Hospital Clínica Bíblica,Clínica Bíblica|Hospital Clínico Bíblico,central-america,CR,San José,9.92748,-84.079144,"{""iso2"": ""CR"", ""ownership"": ""private"", ""founded"": 1929, ""specialty"": [""orthopaedics"", ""bariatric surgery"", ""cosmetic surgery"", ""dentistry"", ""cardiology""], ""draws"": [""gastric-sleeve"", ""gastric-bypass"", ""dental-implant"", ""knee-replacement"", ""abdominoplasty""], ""status"": ""open"", ""languages"": [""Spanish"", ""English"", ""French""]}","A private hospital in central San José, on Avenida 14, founded in 1929 by Henry and Susan Strachan of the Latin American Mission and now the largest private hospital in Costa Rica. It is one of the two San José hospitals an American or Canadian patient is routed to, and it is the older of them by seventy years.",0,0,san-jose-cr|costa-rica|hospital-cima-san-jose|promed|jci|gastric-sleeve|dental-implant|getting-a-quote|the-accreditation-question,s:clinica-biblica|s:clinica-biblica-presupuestos|s:wp-clinica-biblica|s:promed-salud-cr|s:osm-nominatim,cited,medium,True,2026-09-17,https://nanobotco.github.io/care-abroad/hospital/clinica-biblica/
clinica-las-americas,facility,Clínica Las Américas,Las Américas Auna|Clínica Las Américas Auna,south-america,CO,Medellín,6.213953,-75.595759,"{""iso2"": ""CO"", ""ownership"": ""private"", ""founded"": 1994, ""specialty"": [""oncology"", ""cardiovascular"", ""orthopaedics"", ""health screening"", ""transplantation""], ""draws"": [""executive-health-screening"", ""knee-replacement"", ""hip-replacement"", ""bone-marrow-transplant""], ""status"": ""open"", ""languages"": [""Spanish"", ""English""]}","A high-complexity private clinic in western Medellín, part of Grupo Las Américas and owned by the Peruvian healthcare group Auna. Its international office is the part of it this directory is about: a department that handles entry to Colombia, the health visa, yellow fever vaccination and flights alongside the medical arrangements.",0,0,medellin|colombia|fundacion-santa-fe|the-visa|executive-health-screening|choosing-a-facilitator|bbl,s:lasamericas-international|s:lasamericas-visa|s:osm-nominatim,cited,low,True,2026-09-17,https://nanobotco.github.io/care-abroad/hospital/clinica-las-americas/
fortis-gurgaon,facility,"Fortis Memorial Research Institute, Gurugram",FMRI|Fortis Gurgaon|Fortis Memorial Research Institute,south-asia,IN,Gurugram,28.4571214,77.072768,"{""iso2"": ""IN"", ""ownership"": ""private"", ""founded"": null, ""specialty"": [""neurosciences"", ""oncology"", ""cardiac sciences"", ""orthopaedics"", ""bone marrow transplant"", ""renal sciences""], ""draws"": [""bone-marrow-transplant"", ""kidney-transplant"", ""cabg"", ""knee-replacement""], ""status"": ""open"", ""languages"": [""English"", ""Hindi""]}","The headquarters hospital of Fortis Healthcare, in Sector 44 of Gurugram on the southern edge of Delhi. It is the group's referral centre for neurosciences, oncology and transplant work, and it sits in the Delhi National Capital Region cluster that competes with Chennai for India's inbound patient trade.",0,0,delhi-ncr|india|medanta|bone-marrow-transplant|india-e-medical-visa|nabh|choosing-a-facilitator,s:wp-fortis-healthcare|s:osm,cited,low,True,2026-09-16,https://nanobotco.github.io/care-abroad/hospital/fortis-gurgaon/
fundacion-santa-fe,facility,Fundación Santa Fe de Bogotá,Hospital Universitario Fundación Santa Fe de Bogotá|FSFB,south-america,CO,Bogotá,4.696564,-74.032925,"{""iso2"": ""CO"", ""ownership"": ""nonprofit"", ""founded"": 1972, ""specialty"": [""oncology"", ""cardiovascular"", ""orthopaedics"", ""transplantation"", ""neurosciences""], ""draws"": [""kidney-transplant"", ""knee-replacement"", ""hip-replacement"", ""bone-marrow-transplant""], ""status"": ""open"", ""languages"": [""Spanish"", ""English""]}","A private nonprofit foundation in northern Bogotá, created on 2 November 1972 with no owners and no shareholders, whose university hospital on Calle 119 was the first organisation in Colombia accredited by Joint Commission International as an academic medical centre. It has held that accreditation through six consecutive cycles.",0,0,bogota|colombia|clinica-las-americas|jci|kidney-transplant|the-accreditation-question|getting-a-quote,s:fsfb-jci|s:osm-nominatim,cited,medium,True,2026-09-17,https://nanobotco.github.io/care-abroad/hospital/fundacion-santa-fe/
gleneagles-kl,facility,Gleneagles Hospital Kuala Lumpur,Gleneagles KL|Gleneagles Kuala Lumpur|Hospital Gleneagles Kuala Lumpur,southeast-asia,MY,Kuala Lumpur,3.161265,101.739183,"{""iso2"": ""MY"", ""ownership"": ""private"", ""founded"": 1996, ""specialty"": [""cardiology"", ""oncology"", ""orthopaedics"", ""general surgery"", ""paediatrics"", ""gastroenterology""], ""draws"": [""angioplasty-stent"", ""knee-replacement"", ""cataract-surgery""], ""status"": ""open"", ""languages"": [""Malay"", ""English"", ""Mandarin"", ""Tamil"", ""Arabic"", ""Indonesian""]}","A 376-bed private hospital on Jalan Ampang in Kuala Lumpur, which began operating on 1 August 1996. It is a subsidiary of Pantai Medical Centre, owned by IHH Healthcare, and one of four Gleneagles hospitals in Malaysia. It holds accreditation from the Malaysian Society for Quality in Health and from Joint Commission International.",0,0,kuala-lumpur|malaysia|mount-elizabeth|prince-court|mhtc|malaysia-mhtc-licence|jci,s:wp-gleneagles-kl|s:gleneagles-my,cited,medium,True,2026-09-16,https://nanobotco.github.io/care-abroad/hospital/gleneagles-kl/
hadassah,facility,Hadassah Medical Center,Hadassah Ein Kerem|Hadassah Mount Scopus|הדסה,west-asia,IL,Jerusalem,31.764957,35.150017,"{""iso2"": ""IL"", ""ownership"": ""nonprofit"", ""founded"": 1934, ""specialty"": [""oncology"", ""neurosurgery"", ""cardiology"", ""transplantation"", ""ophthalmology""], ""draws"": [""bone-marrow-transplant"", ""gamma-knife"", ""kidney-transplant"", ""ivf""], ""status"": ""open"", ""languages"": [""Hebrew"", ""English"", ""Arabic"", ""Russian""]}","A Jerusalem hospital on two campuses — Mount Scopus, opened 1939, and Ein Kerem, established 1961 — with more than 1,300 beds between them, 31 operating theatres and nine intensive care units. It is owned and part-funded by the Hadassah Women's Zionist Organization of America, and it is the teaching hospital of the Hebrew University of Jerusalem for medicine, dentistry, nursing, public health and pharmacology.",0,0,israel|sheba|tel-aviv|gamma-knife|bone-marrow-transplant|the-accreditation-question|second-opinion,s:wp-hadassah|s:israel-moh-medical-tourism|s:osm-nominatim,cited,medium,True,2026-09-17,https://nanobotco.github.io/care-abroad/hospital/hadassah/
heidelberg-university-hospital,facility,Heidelberg University Hospital,Universitätsklinikum Heidelberg|UKHD,europe-west,DE,Heidelberg,49.417152,8.664723,"{""iso2"": ""DE"", ""ownership"": ""university"", ""founded"": 1388, ""specialty"": [""oncology"", ""heavy ion therapy"", ""surgery"", ""internal medicine"", ""paediatrics""], ""draws"": [""proton-therapy"", ""car-t"", ""bone-marrow-transplant"", ""liver-transplant""], ""status"": ""open"", ""languages"": [""German"", ""English"", ""Arabic"", ""Russian""]}","A 1,991-bed public university hospital at Im Neuenheimer Feld in Heidelberg, treating over a million patients a year. It is an independent public-law institution with its own board, administratively and financially separate from Heidelberg University. Its international office runs an English-language site for patients from abroad, and that site publishes the payment terms rather than the prices.",0,0,germany|charite-international|the-deposit|getting-a-quote|deposit-and-refund|proton-therapy|reading-the-exclusions|bumrungrad|is-it-cheaper,s:wp-heidelberg-uh|s:heidelberg-finance|s:osm-nominatim,cited,high,False,2026-09-17,https://nanobotco.github.io/care-abroad/hospital/heidelberg-university-hospital/
hospital-angeles-tijuana,facility,Hospital Angeles Tijuana,Hospital Ángeles Tijuana|Grupo Ángeles Servicios de Salud,mexico,MX,Tijuana,32.518123,-117.007772,"{""iso2"": ""MX"", ""ownership"": ""private"", ""founded"": 2005, ""specialty"": [""bariatric surgery"", ""orthopaedics"", ""oncology"", ""cardiology"", ""general surgery""], ""draws"": [""gastric-sleeve"", ""gastric-bypass"", ""knee-replacement"", ""hip-replacement"", ""abdominoplasty""], ""status"": ""open"", ""languages"": [""Spanish"", ""English""]}","An eleven-storey private hospital of 29,108 square metres in the Zona Río of Tijuana, opened in 2005 and run by Grupo Ángeles, Mexico's largest private hospital company. It stands about twenty minutes' drive from the San Ysidro border crossing, which is the fact that puts it in this directory.",0,0,tijuana|mexico|gastric-sleeve|los-algodones|antimicrobial-resistance|follow-up-gap|revision-at-home|what-the-data-cannot-see,s:wp-angeles-tijuana|s:cdc-eid-tijuana-vim|s:osm-nominatim,cited,low,True,2026-09-17,https://nanobotco.github.io/care-abroad/hospital/hospital-angeles-tijuana/
hospital-cima-san-jose,facility,Hospital CIMA San José,Hospital CIMA|CIMA San José,central-america,CR,San José,9.939643,-84.144329,"{""iso2"": ""CR"", ""ownership"": ""private"", ""founded"": 2000, ""specialty"": [""orthopaedics"", ""general surgery"", ""cardiology"", ""emergency medicine"", ""cosmetic surgery""], ""draws"": [""knee-replacement"", ""hip-replacement"", ""gastric-sleeve"", ""abdominoplasty"", ""dental-implant""], ""status"": ""open"", ""languages"": [""Spanish"", ""English""]}","A 103-bed tertiary acute-care hospital in Escazú, west of San José, opened in 2000 and owned by International Hospital Corporation, a Texas company that builds hospitals in Latin America. It holds Joint Commission International accreditation. It is the newer of the two San José hospitals in this directory and the one built, from the start, for a patient arriving from the north.",0,0,san-jose-cr|costa-rica|clinica-biblica|promed|jci|knee-replacement|the-companion|aftercare-at-home,s:wp-hospital-cima|s:cima-accreditations|s:promed-salud-cr|s:osm-nominatim,cited,medium,True,2026-09-17,https://nanobotco.github.io/care-abroad/hospital/hospital-cima-san-jose/
island-hospital-penang,facility,Island Hospital,Island Hospital Penang|Hospital Pulau,southeast-asia,MY,George Town,5.4241354,100.3148674,"{""iso2"": ""MY"", ""ownership"": ""private"", ""founded"": 1996, ""specialty"": [""oncology"", ""cardiology"", ""gastroenterology"", ""health screening"", ""orthopaedics"", ""dentistry""], ""draws"": [""executive-health-screening"", ""cataract-surgery"", ""angioplasty-stent""], ""status"": ""open"", ""languages"": [""Malay"", ""English"", ""Mandarin"", ""Hokkien"", ""Indonesian"", ""Tamil""]}","A 600-bed private hospital on Jalan Macalister in George Town, Penang, founded in 1996 and bought by IHH Healthcare in 2024. It treats about 400,000 patients and performs about 15,000 operations a year, and it sells health screening off a public online store with the ringgit price and the redemption date on every product page.",2,0,penang|malaysia|executive-health-screening|mhtc|malaysia-mhtc-licence|gleneagles-kl|package-price|reading-the-exclusions,s:wp-island-hospital|s:islandhospital-about|s:islandhospital-packages|s:islandhospital-exec-screening|s:osm,cited,high,False,2026-09-16,https://nanobotco.github.io/care-abroad/hospital/island-hospital-penang/
king-hussein-cancer-center,facility,King Hussein Cancer Center,KHCC|مركز الحسين للسرطان|King Hussein Cancer Foundation and Center,west-asia,JO,Amman,32.004421,35.876506,"{""iso2"": ""JO"", ""ownership"": ""nonprofit"", ""founded"": 2001, ""specialty"": [""oncology"", ""paediatric oncology"", ""bone marrow transplantation"", ""radiation oncology"", ""surgical oncology""], ""draws"": [""bone-marrow-transplant"", ""car-t"", ""proton-therapy"", ""gamma-knife""], ""status"": ""open"", ""languages"": [""Arabic"", ""English""]}","A 352-bed independent non-governmental, non-profit cancer centre on Queen Rania Street in Amman, established in 2001 and chaired by Princess Ghida Talal. It treats patients from across the Arab world and states that it was the first institution in the developing world accredited by Joint Commission International as a disease-specific cancer centre, and the sixth in the world.",0,0,amman|jordan|bone-marrow-transplant|jci|sheba|who-travels|counting-patients|the-companion,s:wp-khcc|s:khcc-why|s:agbi-jordan-2026|s:wp-health-in-jordan|s:osm-nominatim,cited,medium,True,2026-09-17,https://nanobotco.github.io/care-abroad/hospital/king-hussein-cancer-center/
kokilaben,facility,Kokilaben Dhirubhai Ambani Hospital,KDAH|Kokilaben Hospital|कोकिलाबेन धीरूभाई अंबानी हॉस्पिटल,south-asia,IN,Mumbai,19.13105,72.8250528,"{""iso2"": ""IN"", ""ownership"": ""private"", ""founded"": 2009, ""specialty"": [""cardiac sciences"", ""oncology"", ""orthopaedics"", ""neurosciences"", ""robotic surgery"", ""transplants""], ""draws"": [""knee-replacement"", ""kidney-transplant"", ""gamma-knife"", ""cabg""], ""status"": ""open"", ""languages"": [""English"", ""Hindi"", ""Marathi""]}","A 750-bed hospital at Four Bungalows in Andheri West, Mumbai, opened in 2009 and built by the Reliance Anil Dhirubhai Ambani Group. It runs over thirty departments and states more than 410 doctors, and it holds four accreditations at once: Joint Commission International, NABH, NABL for its laboratories and the College of American Pathologists.",0,0,mumbai|india|gamma-knife|jci|nabh|the-accreditation-question|apollo-chennai,s:wp-kokilaben|s:kokilaben-home,cited,medium,True,2026-09-16,https://nanobotco.github.io/care-abroad/hospital/kokilaben/
liv-hospital,facility,Liv Hospital,Liv Hospital Ulus|Liv Hastanesi,west-asia,TR,Istanbul,41.060889,29.028479,"{""iso2"": ""TR"", ""ownership"": ""private"", ""founded"": 2013, ""specialty"": [""oncology"", ""orthopaedics"", ""cardiac surgery"", ""transplantation"", ""health screening"", ""fertility""], ""draws"": [""executive-health-screening"", ""knee-replacement"", ""kidney-transplant"", ""gastric-sleeve"", ""ivf""], ""status"": ""open"", ""languages"": [""Turkish"", ""English"", ""Arabic"", ""Russian""]}","A Turkish private hospital brand with more than twenty locations, whose flagship is the Ulus campus in Beşiktaş, Istanbul. It is one of the few hospitals in this directory that prints prices: fifteen screening packages in US dollars sit on its own international site, each with its test counts and a starting figure. This record is the brand and pins Ulus.",2,0,istanbul|turkiye|executive-health-screening|acibadem|package-price|jci|turkiye-health-tourism-authorisation|getting-a-quote|the-price-that-isnt,s:liv-int-home|s:liv-checkup|s:osm-nominatim|s:acibadem-checkup-packages,cited,medium,True,2026-09-17,https://nanobotco.github.io/care-abroad/hospital/liv-hospital/
max-saket,facility,"Max Super Speciality Hospital, Saket",Max Saket|Max Smart Super Speciality Hospital|Max Healthcare Saket,south-asia,IN,New Delhi,28.5273506,77.2116849,"{""iso2"": ""IN"", ""ownership"": ""private"", ""founded"": 2004, ""specialty"": [""oncology"", ""cardiac sciences"", ""orthopaedics"", ""neurosciences"", ""transplants""], ""draws"": [""knee-replacement"", ""cabg"", ""kidney-transplant""], ""status"": ""open"", ""languages"": [""English"", ""Hindi""]}","The flagship tertiary hospital of Max Healthcare, on Press Enclave Road in Saket, South Delhi. Its East Block was completed in 2004. The group was founded in 2001, listed on the Indian exchanges in August 2020, and ran 22 hospitals with over 5,000 beds, mostly in northern India, as of June 2025.",0,0,delhi-ncr|india|medanta|knee-replacement|india-e-medical-visa|getting-a-quote|the-accreditation-question,s:wp-max-healthcare|s:osm,cited,low,True,2026-09-16,https://nanobotco.github.io/care-abroad/hospital/max-saket/
medanta,facility,"Medanta — The Medicity, Gurugram",Medanta|The Medicity|मेदांता,south-asia,IN,Gurugram,28.4389467,77.0402727,"{""iso2"": ""IN"", ""ownership"": ""private"", ""founded"": 2009, ""specialty"": [""cardiac sciences"", ""liver transplant"", ""neurosciences"", ""oncology"", ""orthopaedics"", ""health screening""], ""draws"": [""cabg"", ""liver-transplant"", ""knee-replacement"", ""executive-health-screening""], ""status"": ""open"", ""languages"": [""English"", ""Hindi"", ""Arabic""]}","A 1,250-bed hospital on 43 acres in Sector 38 of Gurugram, founded in 2009 by the cardiac surgeon Naresh Trehan and Sunil Sachdeva and built for about 1,200 crore rupees. The group listed on both Indian exchanges in November 2022 and now runs five hospitals. It publishes its health-check prices, and it publishes the maximum retail price of the coronary stents and knee implants it fits.",1,0,delhi-ncr|india|fortis-gurgaon|liver-transplant|executive-health-screening|implant-excluded|package-price|bumrungrad,s:wp-medanta|s:medanta-healthcheck|s:medanta-policy-forms|s:osm,cited,medium,True,2026-09-16,https://nanobotco.github.io/care-abroad/hospital/medanta/
medicana,facility,Medicana Health Group,Medicana Sağlık Grubu|Medicana International Istanbul,west-asia,TR,Istanbul,41.012918,28.645091,"{""iso2"": ""TR"", ""ownership"": ""private"", ""founded"": 1992, ""specialty"": [""oncology"", ""organ transplantation"", ""bone marrow transplantation"", ""cardiovascular surgery"", ""fertility"", ""bariatric surgery""], ""draws"": [""kidney-transplant"", ""liver-transplant"", ""bone-marrow-transplant"", ""ivf"", ""gastric-sleeve""], ""status"": ""open"", ""languages"": [""Turkish"", ""English"", ""Russian"", ""Arabic"", ""Kurdish"", ""Somali""]}","A Turkish hospital group of eighteen hospitals — sixteen across seven Turkish cities, one at Winchester in England and one at Sarajevo — trading since 1992. This record is the group, and it pins Medicana International İstanbul at Beylikdüzü, the hospital the group presents first to patients from abroad.",0,0,istanbul|turkiye|turkiye-health-tourism-authorisation|kidney-transplant|acibadem|counting-patients|getting-a-quote,s:medicana-about|s:medicana-int-istanbul|s:osm-nominatim,cited,medium,True,2026-09-17,https://nanobotco.github.io/care-abroad/hospital/medicana/
memorial-sisli,facility,Memorial Şişli Hospital,Memorial Şişli Hastanesi|Memorial Healthcare Group|Memorial Hospitals Group,west-asia,TR,Istanbul,41.06165,28.972695,"{""iso2"": ""TR"", ""ownership"": ""private"", ""founded"": 2000, ""specialty"": [""organ transplantation"", ""fertility"", ""oncology"", ""bone marrow transplantation"", ""cardiac surgery"", ""bariatric surgery""], ""draws"": [""ivf"", ""icsi"", ""pgt"", ""kidney-transplant"", ""liver-transplant"", ""bone-marrow-transplant"", ""gastric-sleeve""], ""status"": ""open"", ""languages"": [""Turkish"", ""English"", ""Arabic"", ""Russian"", ""Romanian"", ""Albanian""]}","The first hospital of the Memorial Healthcare Group, opened in 2000 on Piyalepaşa Bulvarı in Şişli, Istanbul, and the first hospital in Türkiye to take Joint Commission International accreditation — the 21st in the world, by the group's own count. This record is the Şişli hospital and pins it; where a figure belongs to the whole group of twelve hospitals, the record says so.",0,0,istanbul|turkiye|jci|ivf|kidney-transplant|surrogacy|acibadem|turkiye-health-tourism-authorisation|counting-patients,s:memorial-about|s:memorial-sisli|s:osm-nominatim|s:gurtin-2011-turkey,cited,medium,True,2026-09-17,https://nanobotco.github.io/care-abroad/hospital/memorial-sisli/
mount-elizabeth,facility,Mount Elizabeth Hospital,Mount E|Mount Elizabeth Orchard|Mount Elizabeth Novena,southeast-asia,SG,Singapore,1.305196,103.835536,"{""iso2"": ""SG"", ""ownership"": ""private"", ""founded"": 1979, ""specialty"": [""cardiology"", ""oncology"", ""neuroscience"", ""orthopaedics""], ""draws"": [""cabg"", ""angioplasty-stent"", ""knee-replacement"", ""hip-replacement"", ""gamma-knife""], ""status"": ""open"", ""languages"": [""English"", ""Mandarin"", ""Malay"", ""Bahasa Indonesia""]}","A 345-bed private hospital off Orchard Road in Singapore, opened on 8 December 1979 and owned since 1995 by Parkway Holdings, now part of the Malaysian group IHH Healthcare. Its Medical Centre houses clinics in 31 specialties. The 313-bed Mount Elizabeth Novena opened at 38 Irrawaddy Road on 2 July 2012, and about 30 per cent of its patients come from abroad.",0,0,singapore-city|singapore|gleneagles-kl|acibadem|raffles-hospital|cabg|jci|getting-a-quote|counting-patients,s:wp-mount-elizabeth|s:wp-healthcare-singapore|s:moh-sg-medical-travellers-2009|s:osm-nominatim,cited,medium,True,2026-09-17,https://nanobotco.github.io/care-abroad/hospital/mount-elizabeth/
narayana-health,facility,Narayana Health,Narayana Hrudayalaya|NH|ನಾರಾಯಣ ಹೃದಯಾಲಯ,south-asia,IN,Bengaluru,12.808022,77.6947837,"{""iso2"": ""IN"", ""ownership"": ""private"", ""founded"": 2000, ""specialty"": [""cardiac surgery"", ""paediatric cardiac surgery"", ""oncology"", ""transplants"", ""neurosciences""], ""draws"": [""cabg"", ""heart-valve-replacement"", ""angioplasty-stent"", ""bone-marrow-transplant""], ""status"": ""open"", ""languages"": [""English"", ""Kannada"", ""Hindi""]}","A hospital group rather than a single building: 24 hospitals and seven heart centres in India plus Health City Cayman Islands, founded by the cardiac surgeon Devi Shetty and listed on both Indian exchanges since January 2016. This record is the group. Its point on the map is the cardiac hospital at Bommasandra on the southern edge of Bengaluru, which is where the group started and which holds its Joint Commission International accreditation.",1,0,bengaluru|india|devi-shetty|cabg|is-it-cheaper|the-price-that-isnt|apollo-chennai|jci,s:wp-narayana-health|s:wp-devi-shetty|s:osm,cited,medium,True,2026-09-16,https://nanobotco.github.io/care-abroad/hospital/narayana-health/
prince-court,facility,Prince Court Medical Centre,Prince Court|PCMC,southeast-asia,MY,Kuala Lumpur,3.1491465,101.7213053,"{""iso2"": ""MY"", ""ownership"": ""private"", ""founded"": null, ""specialty"": [""plastic surgery"", ""orthopaedics"", ""cardiology"", ""fertility"", ""health screening"", ""dentistry""], ""draws"": [""breast-augmentation"", ""ivf"", ""executive-health-screening"", ""knee-replacement""], ""status"": ""open"", ""languages"": [""Malay"", ""English"", ""Arabic"", ""Indonesian"", ""Mandarin""]}","A private hospital in central Kuala Lumpur with 277 single-bed rooms and no shared wards, now part of IHH Healthcare. It states that it treats patients from over 140 countries, and it is one of the few hospitals in this directory that puts a fixed price on cosmetic surgery on its own public pages, with the implant brand named.",1,0,kuala-lumpur|malaysia|gleneagles-kl|breast-augmentation|package-price|reading-the-exclusions|mhtc,s:princecourt-home|s:princecourt-breast-aug|s:osm,cited,medium,True,2026-09-16,https://nanobotco.github.io/care-abroad/hospital/prince-court/
raffles-hospital,facility,Raffles Hospital,Raffles Medical Group|RafflesHospital,southeast-asia,SG,Singapore,1.301136,103.857148,"{""iso2"": ""SG"", ""ownership"": ""private"", ""founded"": 2001, ""specialty"": [""obstetrics"", ""cardiology"", ""oncology"", ""orthopaedics"", ""health screening""], ""draws"": [""executive-health-screening"", ""knee-replacement"", ""hip-replacement"", ""ivf""], ""status"": ""open"", ""languages"": [""English"", ""Mandarin"", ""Malay"", ""Tamil"", ""Bahasa Indonesia""]}","A 380-bed private hospital at the corner of North Bridge Road and Ophir Road in Singapore, opened on 31 March 2001 on the site of the converted Blanco Court. It is the hospital of Raffles Medical Group, a company listed on the Singapore Exchange that began as two clinics in 1976 and now runs 106 multi-disciplinary clinics in Singapore and hospitals and medical centres in China, Japan, Vietnam, Cambodia and Hong Kong.",2,0,singapore-city|singapore|mount-elizabeth|executive-health-screening|package-price|reading-the-exclusions|jci|the-price-that-isnt,s:wp-raffles-medical|s:wp-raffles-hospital|s:raffles-hospital|s:raffles-screening-store|s:raffles-screening-ladies|s:wp-healthcare-singapore|s:osm-nominatim,cited,high,False,2026-09-17,https://nanobotco.github.io/care-abroad/hospital/raffles-hospital/
samitivej,facility,Samitivej Sukhumvit Hospital,Samitivej|โรงพยาบาลสมิติเวช สุขุมวิท,southeast-asia,TH,Bangkok,13.7348588,100.5765266,"{""iso2"": ""TH"", ""ownership"": ""private"", ""founded"": 1979, ""specialty"": [""paediatrics"", ""spine"", ""health screening"", ""obstetrics"", ""orthopaedics"", ""sports medicine""], ""draws"": [""executive-health-screening""], ""status"": ""open"", ""languages"": [""Thai"", ""English"", ""Japanese"", ""Burmese"", ""Arabic"", ""Indonesian"", ""Chinese""]}","A 275-bed private hospital on Sukhumvit Soi 49 in Bangkok, opened in June 1979 and now owned by Bangkok Dusit Medical Services. It runs a children's hospital on the same site and a second general hospital at Srinakarin, and publishes an unusually long price list of check-up programmes broken down by sex and by decade of life.",1,0,bangkok|thailand|bumrungrad|bangkok-hospital|executive-health-screening|jci|reading-the-exclusions,s:wp-samitivej|s:samitivej-hospitals|s:samitivej-medical-travel|s:samitivej-checkup-sukhumvit|s:samitivej-disc-package|s:osm,cited,medium,True,2026-09-16,https://nanobotco.github.io/care-abroad/hospital/samitivej/
samsung-medical-center,facility,Samsung Medical Center,SMC|삼성서울병원|Samsung Seoul Hospital,east-asia,KR,Seoul,37.488452,127.085341,"{""iso2"": ""KR"", ""ownership"": ""nonprofit"", ""founded"": 1994, ""specialty"": [""oncology"", ""cardiology"", ""neurosciences"", ""transplantation"", ""proton therapy""], ""draws"": [""proton-therapy"", ""car-t"", ""bone-marrow-transplant"", ""kidney-transplant"", ""liver-transplant""], ""status"": ""open"", ""languages"": [""Korean"", ""English"", ""Russian"", ""Arabic"", ""Mandarin""]}","A 1,766-bed hospital in Gangnam, Seoul, opened on 9 November 1994 and run by the Samsung Life Public Welfare Foundation. It employs 7,929 people including 915 physicians and 3,337 nurses, and has been the teaching hospital of the Sungkyunkwan University School of Medicine since 1997.",0,0,seoul|south-korea|asan-medical-center|severance|korea-foreign-patient-registration|proton-therapy|surgical-site-infection|counting-patients,s:wp-samsung-medical|s:smc-home|s:khidi-medicalkorea|s:mohw-kr-foreign-patients-2024|s:wp-medical-tourism-south-korea|s:osm-nominatim,cited,high,False,2026-09-17,https://nanobotco.github.io/care-abroad/hospital/samsung-medical-center/
severance,facility,Severance Hospital,세브란스병원|Yonsei University Health System|Gwanghyewon,east-asia,KR,Seoul,37.562262,126.940392,"{""iso2"": ""KR"", ""ownership"": ""university"", ""founded"": 1885, ""specialty"": [""robotic surgery"", ""cardiology"", ""oncology"", ""transplantation"", ""neurosciences""], ""draws"": [""proton-therapy"", ""car-t"", ""kidney-transplant"", ""liver-transplant"", ""prostatectomy""], ""status"": ""open"", ""languages"": [""Korean"", ""English"", ""Russian"", ""Arabic"", ""Mongolian"", ""Mandarin""]}","The oldest hospital in South Korea and part of the Yonsei University Health System: 2,437 beds in Seodaemun-gu, Seoul, seeing about 2.5 million outpatients and 840,000 inpatients a year. It was founded in 1885 by Horace Newton Allen as Gwanghyewon, the country's first western-style hospital, renamed for its American donor in 1904, and joined to Yonsei University in 1957. It was the first Korean hospital accredited by Joint Commission International, in 2007.",0,0,seoul|south-korea|asan-medical-center|samsung-medical-center|jci|korea-foreign-patient-registration|prostatectomy|getting-a-quote|counting-patients,s:wp-severance|s:severance-en|s:severance-overview|s:severance-ihc|s:khidi-medicalkorea|s:wp-medical-tourism-south-korea|s:osm-nominatim,cited,high,False,2026-09-17,https://nanobotco.github.io/care-abroad/hospital/severance/
sheba,facility,Sheba Medical Center,Tel HaShomer|המרכז הרפואי שיבא|Chaim Sheba Medical Center,west-asia,IL,Ramat Gan,32.047184,34.845201,"{""iso2"": ""IL"", ""ownership"": ""public"", ""founded"": 1948, ""specialty"": [""oncology"", ""cardiology"", ""rehabilitation"", ""paediatric haemato-oncology"", ""women's health""], ""draws"": [""car-t"", ""bone-marrow-transplant"", ""proton-therapy"", ""ivf""], ""status"": ""open"", ""languages"": [""Hebrew"", ""English"", ""Arabic"", ""Russian""]}","Israel's largest hospital: about 1,580 beds on an 800-dunam campus at Tel HaShomer in east Ramat Gan, government-affiliated and attached to Tel Aviv University. It opened in 1948 as the army's hospital for casualties of that year's war and became civilian in 1953 under Chaim Sheba. Its Global Patient Services department treats patients from more than a hundred countries.",0,0,tel-aviv|israel|car-t|hadassah|king-hussein-cancer-center|deciding-whether|counting-patients|unproven-stem-cell,s:wp-sheba|s:israel-moh-medical-tourism|s:loc-israel-medical-tourism-law|s:osm-nominatim,cited,medium,True,2026-09-17,https://nanobotco.github.io/care-abroad/hospital/sheba/
wooridul,facility,Wooridul Spine Hospital,우리들병원|Cheongdam Wooridul Spine Hospital|Wooridul Hospital,east-asia,KR,Seoul,37.51906,127.04971,"{""iso2"": ""KR"", ""ownership"": ""private"", ""founded"": 1982, ""specialty"": [""spine surgery"", ""neurosurgery"", ""orthopaedics"", ""rehabilitation medicine""], ""draws"": [""spinal-fusion"", ""disc-replacement""], ""status"": ""open"", ""languages"": [""Korean"", ""English"", ""Russian"", ""Arabic""]}","A single-specialty spine hospital in Cheongdam, Gangnam-gu, Seoul, founded in 1982 by the neurosurgeon Sang-Ho Lee and built entirely around the spine: neurosurgery, orthopaedics and rehabilitation medicine, and nothing else. The state's promotion body lists it at 240 beds and 30 doctors. It opened a department for foreign patients in 2006, three years before the state's own count of foreign patients starts, and was designated an international training centre for two spine-surgery societies in 2001.",0,0,seoul|south-korea|spinal-fusion|disc-replacement|korea-foreign-patient-registration|severance|khidi|getting-a-quote,s:wooridul-history|s:wooridul-greetings|s:wooridul-location|s:medicalkorea-wooridul|s:healthpoint-wooridul-spine-centre|s:khidi-medicalkorea|s:osm-nominatim,cited,medium,True,2026-09-17,https://nanobotco.github.io/care-abroad/hospital/wooridul/
aftercare-at-home,pathway,Aftercare at home,follow-up|the six-week check|post-operative care at home,global,,,,,"{""stage"": ""aftercare""}","Wound checks, stitch removal, physiotherapy, drug management and the first sight of a complication happen in the patient's own country, performed by clinicians who were not party to the consent, did not select the implant, hold no record of the operation beyond what the patient carries, and were not paid for any of it.",0,0,follow-up-gap|revision-at-home|the-discharge-summary|the-flight-home|when-it-goes-wrong|the-follow-up-nobody-books|surgical-site-infection,s:nhs-cosmetic-surgery-abroad|s:eplasty-cosmetic-tourism-cost|s:wounds-uk-cosmetic-tourism,cited,high,False,2026-09-16,https://nanobotco.github.io/care-abroad/step/aftercare-at-home/
arrival-and-consent,pathway,Arrival and consent,the pre-operative consultation|signing the consent form,global,,,,,"{""stage"": ""on-arrival""}","The patient lands, is examined for the first time by the person who will operate, and signs a consent form. In a domestic pathway these events are separated by weeks. Here they are compressed into a day or two, at the far end of a flight, after the money has gone.",0,0,language-consent|informed-consent|in-hospital|anaesthetic-risk-unscreened|malpractice-recourse|eu-directive-2011-24,s:schenker-consent-language|s:dir-2011-24-chapter-ii,cited,high,False,2026-09-16,https://nanobotco.github.io/care-abroad/step/arrival-and-consent/
booking-the-flight,pathway,Booking the flight,the outbound and the return|ticketing,global,,,,,"{""stage"": ""before-you-fly""}","Two dates are bought at once, weeks before any operation happens. The outbound follows the clinic's calendar. The return is fixed against an expected recovery that nobody has yet examined, and it is the date that collides with clinical reality later.",0,0,the-flight-home|flying-after-surgery|dvt-pe|the-visa|the-companion,s:caa-surgical-conditions|s:cdc-yellowbook-medical-tourism|s:nhs-cosmetic-surgery-abroad,cited,high,False,2026-09-16,https://nanobotco.github.io/care-abroad/step/booking-the-flight/
choosing-a-facilitator,pathway,Choosing a facilitator,broker|medical travel agency|patient coordinator|medical concierge,global,,,,,"{""stage"": ""booking""}","An intermediary stands between the patient and the hospital: it collects records, produces a quote, books the surgeon, sometimes books the flight and the hotel, and meets the patient at the airport. It is a commercial party, it is usually paid by the hospital rather than by the patient, and in most countries no licence is required to be one.",0,0,getting-a-quote|the-deposit|facilitator|malpractice-recourse|medical-tourism-association|the-accreditation-question|reading-the-exclusions|defiant,s:penney-broker-websites,cited,medium,True,2026-09-16,https://nanobotco.github.io/care-abroad/step/choosing-a-facilitator/
complaint-and-claim,pathway,Complaint and claim,redress|malpractice claim|regulatory complaint,global,,,,,"{""stage"": ""when-it-goes-wrong""}","The attempt to hold somebody answerable after harm. It divides into a regulatory complaint against a licensed clinician, heard by the body that licensed them, and a civil claim for compensation, heard by a court. For a patient treated abroad both routes sit in the destination's jurisdiction, in the destination's language, under the destination's limitation period.",0,0,malpractice-recourse|eu-directive-2011-24|eu-national-contact-points|when-it-goes-wrong|choosing-a-facilitator|arrival-and-consent|circumvention,s:dir-2011-24-chapter-ii|s:eu-directive-2011-24,cited,high,False,2026-09-16,https://nanobotco.github.io/care-abroad/step/complaint-and-claim/
deciding-whether,pathway,Deciding whether to go,the decision to travel for treatment,global,,,,,"{""stage"": ""deciding""}","The step before any money moves: a person weighs a price, a queue or a refusal at home against a procedure in another country. Nobody is a patient yet and no contract exists, so the exposure here is informational — what is written down, who wrote it, and who is paid when it is believed.",0,0,second-opinion|getting-a-quote|choosing-a-facilitator|oecd-waiting-times|is-it-cheaper|counting-patients|follow-up-gap|medical-travel,s:penney-broker-websites|s:cdc-yellowbook-medical-tourism,cited,high,False,2026-09-16,https://nanobotco.github.io/care-abroad/step/deciding-whether/
getting-a-quote,pathway,Getting a quote,estimate|cost estimate|package quotation,global,,,,,"{""stage"": ""booking""}","A provider or an intermediary puts a number on paper. The number is usually a package: a bundle of theatre time, a named number of nights and a set of professional fees, with a list of what falls outside it. What the number excludes is the part that moves.",0,0,reading-the-exclusions|choosing-a-facilitator|the-deposit|package-price|implant-excluded|the-price-that-isnt|eu-directive-2011-24,s:penney-broker-websites|s:dir-2011-24-chapter-ii,cited,high,False,2026-09-16,https://nanobotco.github.io/care-abroad/step/getting-a-quote/
getting-your-records,pathway,Getting your records out,medical records request|records portability|subject access request,global,,,,,"{""stage"": ""deciding""}","The patient asks the home health system for a copy of their own file — imaging, operation notes, pathology, drug list — so that a clinician in another country can read it. Two different bodies of law govern the request, and neither of them was written with a foreign surgeon in mind.",0,0,second-opinion|the-discharge-summary|patient-data-transfer|eu-directive-2011-24|follow-up-gap|informed-consent,s:gdpr-art-15|s:gdpr-art-20|s:hipaa-access-164-524|s:dir-2011-24-chapter-ii|s:cdc-yellowbook-medical-tourism,cited,high,False,2026-09-16,https://nanobotco.github.io/care-abroad/step/getting-your-records/
in-hospital,pathway,In hospital,the admission|the inpatient stay,global,,,,,"{""stage"": ""in-hospital""}","Admission, operation, ward, discharge. For the length of the stay the patient is inside an institution whose rules, staffing and law are the destination's, with no home clinician involved, and with a bill accruing against a package that fixed a number of nights in advance.",0,0,arrival-and-consent|the-discharge-summary|surgical-site-infection|antimicrobial-resistance|blood-supply-safety|length-of-stay|bumrungrad,s:bumrungrad-joint04,cited,medium,True,2026-09-16,https://nanobotco.github.io/care-abroad/step/in-hospital/
reading-the-exclusions,pathway,Reading the exclusions,the small print|what the package leaves out|policy exclusions,global,,,,,"{""stage"": ""booking""}","Two separate exclusion lists govern a trip for treatment. The provider's package names what its price does not cover. The insurer's policy names what it will not pay for. They are written by different parties for different purposes, and the gap between them is where an unplanned bill falls.",0,0,getting-a-quote|implant-excluded|insurance-exclusions|repatriation-cost|package-price|the-deposit|bumrungrad,s:bumrungrad-joint04|s:nhs-cosmetic-surgery-abroad|s:gov-uk-foreign-travel-insurance|s:cdc-yellowbook-medical-tourism,cited,high,False,2026-09-16,https://nanobotco.github.io/care-abroad/step/reading-the-exclusions/
second-opinion,pathway,The second opinion,second consultation|remote opinion,global,,,,,"{""stage"": ""deciding""}","A second clinician reviews the diagnosis and the proposed operation. It can be sought at home before travelling, or bought from the destination hospital, and the two are different things: one is independent of the provider who would operate, the other is the provider who would operate.",0,0,deciding-whether|getting-your-records|informed-consent|getting-a-quote|language-consent,s:van-such-second-opinions,cited,medium,True,2026-09-16,https://nanobotco.github.io/care-abroad/step/second-opinion/
the-companion,pathway,The companion,escort|medical attendant|carer|the person who comes along,global,,,,,"{""stage"": ""before-you-fly""}","Somebody travels with the patient: a spouse, an adult child, a friend. They are not a patient, not staff and not a party to the contract, and they end up doing the work nobody costed — sitting through the consent conversation, moving a post-operative body through an airport, watching a wound at 3am in a hotel room.",0,0,the-escort-burden|alone-after-discharge|the-visa|arrival-and-consent|aftercare-at-home,s:india-emedical-visa,inference,medium,True,2026-09-16,https://nanobotco.github.io/care-abroad/step/the-companion/
the-deposit,pathway,The deposit,booking fee|advance payment|prepayment,global,,,,,"{""stage"": ""booking""}","Money crosses the border before the patient does. A deposit — or in dental and hair work often the whole price — is paid to secure a date, usually by card or bank transfer, to an entity in another country that the payer has not met and may not be able to identify from the invoice.",0,0,getting-a-quote|choosing-a-facilitator|deposit-and-refund|the-visa|out-of-pocket,s:penney-broker-websites,inference,low,True,2026-09-16,https://nanobotco.github.io/care-abroad/step/the-deposit/
the-discharge-summary,pathway,The discharge summary,discharge letter|epicrisis|operation report,global,,,,,"{""stage"": ""going-home""}","A document handed over at discharge that states what was done. It is the only clinical record of the episode that travels with the patient, and the doctor who reads it next was not party to the consent, did not choose the implant, and cannot telephone the theatre.",0,0,in-hospital|aftercare-at-home|getting-your-records|follow-up-gap|revision-at-home|eu-directive-2011-24|cross-border-prescriptions,s:boddy-discharge-communication|s:cdc-yellowbook-medical-tourism|s:dir-2011-24-chapter-ii,cited,high,False,2026-09-16,https://nanobotco.github.io/care-abroad/step/the-discharge-summary/
the-flight-home,pathway,The flight home,the return leg|repatriation by scheduled flight,global,,,,,"{""stage"": ""going-home""}","A post-operative body in a pressurised cabin, hours from any theatre, on a date chosen before the operation. It is the point where the booking made at step nine meets the guidance written by aviation medicine, and where a clot, a wound or a cast turns a ticket into a problem.",0,0,flying-after-surgery|dvt-pe|booking-the-flight|repatriation-cost|the-discharge-summary|aftercare-at-home,s:caa-surgical-conditions|s:cdc-yellowbook-medical-tourism|s:nhs-cosmetic-surgery-abroad,cited,high,False,2026-09-16,https://nanobotco.github.io/care-abroad/step/the-flight-home/
the-visa,pathway,The visa,medical visa|treatment visa|medical attendant visa,global,,,,,"{""stage"": ""before-you-fly""}","Entry permission for treatment. Some states issue a dedicated class that names the hospital and admits a companion; others treat a patient arriving for surgery as an ordinary visitor. Which applies decides how long the patient may stay, whether a companion may come, and whether the trip appears in any official count.",0,0,india-e-medical-visa|thai-medical-visa|schengen-medical-visa|the-companion|booking-the-flight|circumvention|counting-patients,s:india-emedical-visa,cited,high,False,2026-09-16,https://nanobotco.github.io/care-abroad/step/the-visa/
when-it-goes-wrong,pathway,When it goes wrong,the complication|the emergency abroad|the failed result,global,,,,,"{""stage"": ""when-it-goes-wrong""}","A complication arrives, either in the destination while the patient is still there or at home after the flight. Who treats it, who pays for it and who holds the record differ in the two cases, and both differ from the domestic pathway where one institution owns the whole episode.",0,0,complaint-and-claim|repatriation-cost|malpractice-recourse|surgical-site-infection|mexico-fungal-meningitis-2023|dominican-republic-ntm-outbreak|aftercare-at-home|what-the-data-cannot-see,s:cdc-yellowbook-medical-tourism|s:nhs-cosmetic-surgery-abroad|s:gov-uk-foreign-travel-insurance,cited,high,False,2026-09-16,https://nanobotco.github.io/care-abroad/step/when-it-goes-wrong/
alone-after-discharge,risk,Discharged alone,no responsible adult|discharged to a hotel|nobody at the other end,global,,,,,"{""kind"": ""clinical""}","Discharge from a hospital abroad into a hotel room rather than a household. Two instruments this project has read require an adult at the other end of a general anaesthetic, and both were drafted for a patient going home. Nobody counts how many people who travel for treatment are discharged without one.",0,0,the-companion|the-escort-burden|day-case|the-discharge-summary|aftercare-at-home|the-flight-home|dvt-pe|flying-after-surgery|follow-up-gap,s:rcoa-gpas-day-surgery-2021|s:ecfr-42-416-52|s:bumrungrad-joint04|s:india-emedical-visa,cited,high,False,2026-09-17,https://nanobotco.github.io/care-abroad/risk/alone-after-discharge/
anaesthetic-risk-unscreened,risk,"Fitness for anaesthesia, assessed on arrival",unscreened for anaesthesia|pre-operative assessment on arrival|ASA grading at the far end of a flight,global,,,,,"{""kind"": ""clinical""}","Pre-operative assessment compressed into the days between landing and the operation, carried out by a team holding whatever records the patient brought. The standard grading is the American Society of Anesthesiologists physical status classification - the ASA grade - a single ordinal score for how much systemic disease a patient carries, assigned before an anaesthetic and recorded on the chart.",0,0,asa-grade|knee-replacement|bumrungrad|arrival-and-consent|getting-your-records|reading-the-exclusions|implant-excluded|package-price|the-deposit,s:statpearls-asa-physical-status|s:bumrungrad-joint04|s:rcoa-gpas-day-surgery-2021,cited,high,False,2026-09-17,https://nanobotco.github.io/care-abroad/risk/anaesthetic-risk-unscreened/
antimicrobial-resistance,risk,Antimicrobial resistance acquired abroad,AMR|CRE|carbapenem-resistant Enterobacterales|multidrug-resistant organisms,global,,,,,"{""kind"": ""infection""}","An organism that survives the drugs meant to kill it, carried home in or on a patient who was treated in a hospital where such organisms are common. The CDC names carbapenem-resistant Enterobacterales and Candida auris as the two that ""appear to be more common in some countries where U.S. residents travel for medical tourism"", and asks US hospitals to screen anyone who spent a night in a healthcare facility abroad within the previous six months.",0,0,ndm-1-2010|candida-auris|surgical-site-infection|nontuberculous-mycobacteria|india|follow-up-gap|aftercare-at-home|who,s:cdc-yellowbook-2026-medical-tourism|s:cdc-yellowbook-medical-tourism|s:kumarasamy-ndm1-2010,cited,high,False,2026-09-16,https://nanobotco.github.io/care-abroad/risk/antimicrobial-resistance/
bbl-mortality,risk,Death from gluteal fat grafting,BBL death|pulmonary fat embolism|macroscopic fat embolism,global,,,,,"{""kind"": ""clinical""}","Fat injected into the buttock enters a torn gluteal vein and travels to the lung. Death can follow within minutes and often on the operating table. The mechanism is specific to injection below the muscle fascia, and the procedure it belongs to is gluteal fat grafting, marketed as the ""Brazilian butt lift"" and named by the CDC among the cosmetic procedures US residents travel for.",0,0,bbl|liposuction|dvt-pe|revision-at-home|nontuberculous-mycobacteria|repatriation-cost|dominican-republic|turkiye|isaps|anaesthetic-risk-unscreened,s:mofid-gluteal-2017|s:delvecchio-gluteal-advisory-2022|s:farid-cosmetic-abroad-2019|s:thacoor-nhs-cost-2019|s:cdc-yellowbook-2026-medical-tourism|s:cdc-yellowbook-medical-tourism,cited,high,False,2026-09-16,https://nanobotco.github.io/care-abroad/risk/bbl-mortality/
blood-supply-safety,risk,Blood supply safety,transfusion-transmissible infection|TTI|blood screening,global,,,,,"{""kind"": ""infection""}","Whether the blood a patient may be given during an operation was screened, and screened under a quality system. WHO recommends that screening for HIV, hepatitis B, hepatitis C and syphilis be mandatory for all donations. Of the countries reporting to WHO for 2023, 10 were not able to screen all donated blood for one or more of those four.",0,0,bloodborne-virus|cabg|heart-valve-replacement|liver-transplant|knee-replacement|implant-excluded|who|transplant-harm,s:who-blood-safety|s:cdc-yellowbook-2026-medical-tourism|s:cdc-yellowbook-medical-tourism|s:bumrungrad-joint04,cited,high,False,2026-09-16,https://nanobotco.github.io/care-abroad/risk/blood-supply-safety/
bloodborne-virus,risk,Bloodborne virus from treatment abroad,hepatitis B|hepatitis C|HIV|blood-borne infection,global,,,,,"{""kind"": ""infection""}","Hepatitis B, hepatitis C or HIV transmitted by a reused needle, an inadequately reprocessed instrument, a contaminated injectable or an unscreened transfusion. The CDC names all three together: inadequate infection prevention and control practices place people at risk for ""blood-borne infections, including hepatitis B, hepatitis C, and HIV; bloodstream infections; donor-derived infections; and surgical site infections"". It asks that medical travellers be up to date on routine vaccinations, ""especially hepatitis B virus immunization"".",0,0,blood-supply-safety|surgical-site-infection|dental-implant|dialysis-holiday|kidney-transplant|transplant-harm|aftercare-at-home,s:cdc-yellowbook-2026-medical-tourism|s:cdc-yellowbook-medical-tourism|s:who-blood-safety,cited,high,False,2026-09-16,https://nanobotco.github.io/care-abroad/risk/bloodborne-virus/
candida-auris,risk,Candida auris,C. auris|Candidozyma auris,global,,,,,"{""kind"": ""infection""}","A yeast that colonises skin, survives on surfaces for long periods, spreads between patients in healthcare facilities, and resists antifungal drugs. The CDC names it with carbapenem-resistant Enterobacterales as a pathogen that ""appear[s] to be more common in some countries where U.S. residents travel for medical tourism"".",0,0,antimicrobial-resistance|surgical-site-infection|follow-up-gap|transplant-harm|aftercare-at-home|who,s:cdc-candida-auris|s:cdc-yellowbook-2026-medical-tourism|s:cdc-yellowbook-medical-tourism,cited,high,False,2026-09-16,https://nanobotco.github.io/care-abroad/risk/candida-auris/
counterfeit-medicines,risk,Substandard and falsified medicines,counterfeit medicines|falsified medical products|SF medical products,global,,,,,"{""kind"": ""clinical""}","A medicine that is not what its label says: falsified in its identity, composition or source, or substandard because it failed a quality specification, expired, was contaminated, or was stored wrongly. The CDC notes that pharmaceuticals, laboratory services and medical devices used in other countries ""might not be subject to the same regulatory scrutiny and oversight"", and that ""some drugs could be counterfeit or otherwise ineffective because of expiration, contamination, or improper storage"".",0,0,cross-border-prescriptions|aftercare-at-home|addiction-rehab|unproven-stem-cell|who|follow-up-gap,s:who-substandard-falsified|s:cdc-yellowbook-2026-medical-tourism|s:cdc-yellowbook-medical-tourism,cited,high,False,2026-09-16,https://nanobotco.github.io/care-abroad/risk/counterfeit-medicines/
deposit-and-refund,risk,"The deposit, and whether it comes back",prepayment|booking fee|cancellation terms,global,,,,,"{""kind"": ""financial""}","Money paid before travel to hold a surgical date, and what happens to it when the operation does not take place — because the patient withdrew, because the clinic cancelled, because a visa was refused, or because a preoperative test on the day of admission found something that made the operation unsafe. The CDC notes that costs for these procedures are usually out of pocket, and that travellers should expect to pay up front and claim later where they can claim at all.",0,0,the-deposit|getting-a-quote|reading-the-exclusions|choosing-a-facilitator|facilitator|malpractice-recourse|implant-excluded|package-price|anaesthetic-risk-unscreened,s:gmc-cosmetic-interventions|s:penney-broker-consent-2011|s:cdc-yellowbook-2026-medical-tourism|s:cdc-yellowbook-medical-tourism,cited,medium,True,2026-09-16,https://nanobotco.github.io/care-abroad/risk/deposit-and-refund/
dvt-pe,risk,Deep vein thrombosis and pulmonary embolism,DVT|PE|venous thromboembolism|VTE,global,,,,,"{""kind"": ""clinical""}","A clot forms in a deep vein, usually in the leg, and part of it travels to the lung. Surgery raises the risk and long-haul flight raises it, and a patient who has both in the same fortnight carries both. The CDC states that air travel and surgery independently increase the risk, and that travel after surgery increases it further because it requires sitting still for long periods in a hypercoagulable state.",0,0,flying-after-surgery|the-flight-home|knee-replacement|hip-replacement|abdominoplasty|gastric-sleeve|bbl-mortality|aftercare-at-home|alone-after-discharge,s:cdc-yellowbook-2026-medical-tourism|s:cdc-yellowbook-medical-tourism|s:johnson-travel-vte-2022|s:mafi-cosmetic-tourism-cost-2026,cited,high,False,2026-09-16,https://nanobotco.github.io/care-abroad/risk/dvt-pe/
flying-after-surgery,risk,Flying after surgery,fitness to fly|the ten-day rule,global,,,,,"{""kind"": ""travel""}","A cabin at cruising altitude is pressurised to roughly the outside air pressure at 6,000 to 8,000 feet. Gas trapped in a body cavity expands at that pressure, and a passenger sits still for hours in a state that clots more readily than usual. The CDC states that medical travellers should not fly for 10 days after chest or abdominal surgery, and cites the American Society of Plastic Surgeons recommendation that patients who have had laser treatments or cosmetic procedures to the face, eyelids or nose wait 7 to 10 days before flying.",0,0,dvt-pe|the-flight-home|booking-the-flight|knee-replacement|rhinoplasty|abdominoplasty|gastric-sleeve|package-price|repatriation-cost,s:cdc-yellowbook-2026-medical-tourism|s:cdc-yellowbook-medical-tourism|s:asps-flying,cited,high,False,2026-09-16,https://nanobotco.github.io/care-abroad/risk/flying-after-surgery/
follow-up-gap,risk,The follow-up gap,loss to follow-up|no aftercare,global,,,,,"{""kind"": ""clinical""}","The interval between an operation abroad and the first clinician at home who sees the wound, during which nobody is responsible for the result. The American Medical Association's guiding principles, reproduced in the CDC's chapter, ask that ""local follow-up care should be coordinated"" before travel and that coverage include the cost of follow-up on return. The CDC also notes that ""some overseas facilities and healthcare professionals charge substantial fees for follow-up care in addition to the base cost"".",0,0,the-discharge-summary|aftercare-at-home|getting-your-records|revision-at-home|malpractice-recourse|surgical-site-infection|the-follow-up-nobody-books|hair-transplant-fue|knee-replacement,s:cdc-yellowbook-2026-medical-tourism|s:cdc-yellowbook-medical-tourism|s:ahari-breast-unit-2024|s:gmc-cosmetic-interventions,cited,high,False,2026-09-16,https://nanobotco.github.io/care-abroad/risk/follow-up-gap/
fungal-meningitis,risk,Fungal meningitis after epidural anaesthesia,Fusarium solani meningitis|the Matamoros outbreak,global|mexico,,,,,"{""kind"": ""infection""}","Infection of the lining of the brain and spinal cord by a mould introduced at the moment an epidural is placed. The CDC's medical travel chapter names it among the documented outbreaks in travelling patients: ""fungal meningitis in patients who received epidural anesthesia in Mexico"".",0,0,mexico-fungal-meningitis-2023|mexico|anaesthetic-risk-unscreened|liposuction|surgical-site-infection|follow-up-gap|repatriation-cost|when-it-goes-wrong,s:smith-fungal-meningitis-2024|s:eid-fusarium-metagenomics-2025|s:cdc-yellowbook-2026-medical-tourism|s:cdc-yellowbook-medical-tourism,cited,high,False,2026-09-16,https://nanobotco.github.io/care-abroad/risk/fungal-meningitis/
implant-excluded,risk,The implant is excluded,excluding implant|device billed separately|prosthesis not included,global,,,,,"{""kind"": ""financial""}","A fixed package price for an operation that installs a manufactured device, quoted without the device. The headline number covers theatre time, the surgical team, the anaesthetist and a stated number of ward nights; the component that will be screwed, cemented or seated into the patient is billed separately at a price the page does not give.",0,0,knee-replacement|hip-replacement|dental-implant|cochlear-implant|bumrungrad|package-price|reading-the-exclusions|getting-a-quote|the-price-that-isnt|revision-at-home|blood-supply-safety,s:bumrungrad-joint04|s:bumrungrad-packages|s:gmc-cosmetic-interventions|s:cdc-yellowbook-2026-medical-tourism|s:cdc-yellowbook-medical-tourism,cited,high,False,2026-09-16,https://nanobotco.github.io/care-abroad/risk/implant-excluded/
language-consent,risk,Consent taken across a language barrier,interpreted consent|language barrier consent|the form in the wrong language,global,,,,,"{""kind"": ""legal""}","A consent signed after a conversation conducted through a third person. Consent is two things at once: a clinical exchange about what the operation does, what it can do instead and what it cannot be undone from, and a signed instrument fixing what was disclosed and by whom. Both run through the interpreter. What that person was trained in, who pays them, and whether they sign anything are set by the hospital, the facilitator or nobody, and no cross-border rule fixes any of it.",0,0,arrival-and-consent|informed-consent|malpractice-recourse|choosing-a-facilitator|facilitator|turkiye-health-tourism-authorisation|getting-your-records|follow-up-gap|jci,s:schenker-consent-language|s:flores-interpreter-errors-2012|s:penney-broker-consent-2011|s:rg-saglik-turizmi-2017,cited,high,True,2026-09-17,https://nanobotco.github.io/care-abroad/risk/language-consent/
malpractice-recourse,risk,Malpractice recourse across a border,legal recourse|cross-border liability|suing abroad,global,,,,,"{""kind"": ""legal""}","The question of which court will hear a claim against a clinician abroad, which country's law it will apply, how long the claimant has to bring it, and whether any judgment can be collected. The CDC puts the position in one sentence: patients ""might not have the same legal recourse as they would if they received their care in the United States"". The American Medical Association's guiding principles ask that patients be informed of their rights and legal recourse before agreeing to travel.",0,0,complaint-and-claim|when-it-goes-wrong|follow-up-gap|deposit-and-refund|revision-at-home|eu-directive-2011-24|choosing-a-facilitator|jci|language-consent,s:cdc-yellowbook-2026-medical-tourism|s:cdc-yellowbook-medical-tourism|s:cortez-patients-without-borders-2008|s:cohen-patients-with-passports-2014|s:crooks-barbados-lawyers-2015,cited,medium,True,2026-09-16,https://nanobotco.github.io/care-abroad/risk/malpractice-recourse/
nontuberculous-mycobacteria,risk,Nontuberculous mycobacteria,NTM|rapidly growing mycobacteria|Mycobacterium abscessus,global|caribbean,,,,,"{""kind"": ""infection""}","Environmental mycobacteria that live in water and soil, are not tuberculosis, resist most ordinary antibiotics, and infect surgical wounds where instruments, rinse water or injectables were contaminated. The CDC names the resulting outbreak in its medical travel chapter: ""surgical site infections caused by nontuberculous mycobacteria in patients who underwent cosmetic surgery in the Dominican Republic"".",0,0,dominican-republic-ntm-outbreak|dominican-republic|santo-domingo|surgical-site-infection|antimicrobial-resistance|bbl|liposuction|abdominoplasty|revision-at-home|follow-up-gap,s:eid-dr-mycobacteria-2016|s:mmwr-dr-mycobacteria-2018|s:alkaelani-aesthetic-review-2023|s:cdc-yellowbook-2026-medical-tourism|s:cdc-yellowbook-medical-tourism,cited,high,False,2026-09-16,https://nanobotco.github.io/care-abroad/risk/nontuberculous-mycobacteria/
repatriation-cost,risk,Repatriation and medical evacuation cost,medevac|air ambulance|medical evacuation,global,,,,,"{""kind"": ""financial""}","The cost of moving a patient who cannot fly commercially from where they were treated to a hospital that can finish the job. The CDC's travel insurance chapter states the range: ""The total cost of a medevac varies by location, ranging from USD 25,000 for transport within North America to over USD 250,000 for more distant and remote locations"", and adds that costs increase when the patient is critically ill or needs complex infection control measures.",0,0,insurance-exclusions|us-medicare-abroad|when-it-goes-wrong|the-flight-home|flying-after-surgery|bbl-mortality|revision-at-home|the-escort-burden,s:cdc-yellowbook-travel-insurance|s:cdc-yellowbook-2026-medical-tourism|s:cdc-yellowbook-medical-tourism,cited,high,False,2026-09-16,https://nanobotco.github.io/care-abroad/risk/repatriation-cost/
revision-at-home,risk,Revision at home,putting it right|corrective surgery|the second operation,global,,,,,"{""kind"": ""financial""}","The second operation, performed in the patient's own country by a surgeon who did not perform the first, on a wound whose details nobody recorded. It is the only part of this subject with a running set of published costs, because a publicly funded system that pays for it has a reason to count.",0,0,when-it-goes-wrong|aftercare-at-home|follow-up-gap|revision|turkiye|united-kingdom|bbl|abdominoplasty|breast-augmentation|uk-nhs-treatment-abroad|surgical-site-infection|implant-excluded,s:thacoor-nhs-cost-2019|s:farid-cosmetic-abroad-2019|s:ahari-breast-unit-2024|s:whiteman-nhs-burden-2025|s:mafi-cosmetic-tourism-cost-2026|s:gmc-cosmetic-interventions|s:cdc-yellowbook-2026-medical-tourism|s:cdc-yellowbook-medical-tourism,cited,high,False,2026-09-16,https://nanobotco.github.io/care-abroad/risk/revision-at-home/
surgical-site-infection,risk,Surgical site infection,SSI|wound infection,global,,,,,"{""kind"": ""infection""}","An infection of the tissue an operation opened — skin, the layers beneath it, or the space around an implant. It is counted by surveillance systems within thirty days of surgery, or within ninety days where a device was left in. The CDC's medical travel chapter puts surgical site infection among the main infection concerns of treatment abroad, and names it alongside hepatitis B, hepatitis C, HIV, bloodstream infections and donor-derived infections.",0,0,nontuberculous-mycobacteria|antimicrobial-resistance|follow-up-gap|revision-at-home|bbl-mortality|bloodborne-virus|knee-replacement|abdominoplasty|dominican-republic|aftercare-at-home|when-it-goes-wrong,s:cdc-yellowbook-2026-medical-tourism|s:cdc-yellowbook-medical-tourism|s:allegranzi-hai-2011|s:alkaelani-aesthetic-review-2023,cited,high,False,2026-09-16,https://nanobotco.github.io/care-abroad/risk/surgical-site-infection/
the-escort-burden,risk,The escort burden,the companion's costs|medical attendant|refakatci|accompanying person,global,,,,,"{""kind"": ""financial""}","What the person travelling beside the patient carries: a second fare and a second bed, unpaid leave, and the nursing after discharge that no package quotes. Three states have written the escort into an instrument - one capping how many may come, one paying them a daily allowance, one putting their charges on an invoice. None of the three measures the labour.",0,0,the-companion|india-e-medical-visa|gcc-sponsored-treatment-abroad|uae|alone-after-discharge|day-case|package-price|booking-the-flight|repatriation-cost,s:dubai-resolution-14-2017|s:india-emedical-visa|s:rg-saglik-turizmi-2017|s:rcoa-gpas-day-surgery-2021,cited,high,False,2026-09-17,https://nanobotco.github.io/care-abroad/risk/the-escort-burden/
transplant-harm,risk,Transplant harm,transplant tourism|commercial transplantation|organ trafficking,global,,,,,"{""kind"": ""ethical""}","Harm from receiving an organ, tissue or stem cell transplant abroad from an unrelated donor — to the recipient, whose graft and screening were worse; to the donor, who may have been paid, coerced or trafficked; and to the system at home that inherits the follow-up. The CDC's account is blunt: donors ""might not be screened as thoroughly"", organs ""might be obtained using unethical means"", and recipients ""may not receive adequate follow-up, including documentation from their surgeons"".",0,0,kidney-transplant|liver-transplant|bone-marrow-transplant|transplant-prohibition|declaration-of-istanbul-group|istanbul-declaration-2008|bloodborne-virus|follow-up-gap|malpractice-recourse|candida-auris,s:cdc-yellowbook-2026-medical-tourism|s:cdc-yellowbook-medical-tourism|s:altheaby-transplant-tourism-2022|s:neupane-liver-transplant-2021|s:declaration-of-istanbul,cited,high,False,2026-09-16,https://nanobotco.github.io/care-abroad/risk/transplant-harm/
unproven-stem-cell,risk,Unproven stem cell treatment,stem cell clinics|regenerative medicine offered direct to consumers,global,,,,,"{""kind"": ""clinical""}","A cell preparation sold as a treatment for a condition it has not been shown to treat, usually paid for out of pocket and usually outside any approval process. The CDC's account of cancer treatment abroad names the same structure: treatments obtained abroad ""may have no established benefit"", placing the patient at risk both from complications and from delaying or forgoing an approved therapy at home.",0,0,stem-cell-unproven|stem-cell-regulation|advertising-rules|deciding-whether|second-opinion|malpractice-recourse|counterfeit-medicines|transplant-harm,s:kuriyan-stem-cell-2017|s:turner-knoepfler-2016|s:cdc-yellowbook-2026-medical-tourism|s:cdc-yellowbook-medical-tourism,cited,high,False,2026-09-16,https://nanobotco.github.io/care-abroad/risk/unproven-stem-cell/
abortion-travel-law,rule,Travelling for a termination,abortion access across borders|the residence bar,global,,,,,"{""kind"": ""prohibition"", ""status"": ""in-force""}","Where a termination may lawfully be performed, on what grounds and to what gestational limit, and whether the law reaches someone who does not live there. The rows below record the position for an adult traveller: a row is marked lawful-with-conditions where a condition binds an adult who has come from elsewhere — grounds rather than request, spousal consent, a mandatory wait — and residents-only where the statute itself excludes non-residents.",0,25,abortion-care|circumvention-travel|circumvention|reproductive-exile|the-visa|united-kingdom|united-states|who|assisted-dying-law,s:who-gapd|s:nl-abortion-act-1981|s:uk-abortion-act-1967|s:cz-act-66-1986|s:sg-termination-act|s:ie-termination-act-2018|s:de-stgb-218a|s:es-lo-2-2010|s:fr-csp-l2212-1|s:be-abortion-law-2018|s:pt-codigo-penal-142|s:pl-family-planning-act-1993|s:tr-law-2827|s:ch-penal-118-120|s:us-dobbs-2022|s:za-choice-act-1996|s:in-mtp-act-1971|s:th-penal-code-301-305|s:jp-maternal-health-act|s:id-health-law-2023|s:ca-morgentaler-1988|s:tw-eugenics-act|s:women-on-web,cited,medium,True,2026-09-17,https://nanobotco.github.io/care-abroad/rule/abortion-travel-law/
advertising-rules,rule,What a clinic may say,healthcare advertising controls|promotion and information rules|KKLIU,global,,,,,"{""kind"": ""advertising"", ""status"": ""in-force""}","The instruments that govern how a hospital, clinic or broker may promote treatment, and what it may claim. Four regimes are read here: Türkiye's promotion and information regulation, Malaysia's advertisement board approval, Singapore's advertising controls under the Healthcare Services Act 2020, and the United Kingdom's self-regulatory advertising code.",0,0,turkiye-health-tourism-authorisation|malaysia-mhtc-licence|turkiye|singapore|malaysia|facilitator|getting-a-quote|stem-cell-regulation|the-price-that-isnt,s:tr-tanitim-yonetmelik-2025|s:my-mab-kkliu|s:my-mab-guidelines|s:sg-hcsa-advertisement-regs-2021|s:sg-moh-advertising-controls|s:asa-cap-code-12|s:rg-saglik-turizmi-2017,cited,medium,True,2026-09-17,https://nanobotco.github.io/care-abroad/rule/advertising-rules/
assisted-dying-law,rule,"Assisted dying, and who may cross a border for it",assisted suicide|euthanasia|medical assistance in dying|aid in dying,global,,,,,"{""kind"": ""prohibition"", ""status"": ""in-force""}","Whether assistance in dying is lawful, and whether the person assisted must live there. The second question is the one that makes this a cross-border subject at all, and the rows below record it where the instrument could be read.",0,25,assisted-dying|switzerland|circumvention-travel|circumvention|abortion-travel-law|repatriation-cost|the-companion|united-states,s:ch-criminal-code|s:swissrights-stgb-115|s:nl-euthanasia-act-2002|s:be-euthanasia-law-2002|s:es-lo-3-2021|s:fr-loi-2026-794|s:ca-criminal-code-241-2|s:or-ors-127-805|s:us-ca-hsc-443-2|s:uk-suicide-act-1961|s:who-guiding-principles,cited,medium,True,2026-09-17,https://nanobotco.github.io/care-abroad/rule/assisted-dying-law/
cross-border-prescriptions,rule,A prescription that crosses a border,cross-border prescription|the common name rule|Directive 2012/52/EU,europe-west|europe-central|europe-south|europe-north|europe-east,,,,,"{""kind"": ""treaty"", ""status"": ""in-force""}","Commission Implementing Directive 2012/52/EU, made under Directive 2011/24/EU, sets what a prescription must carry to be dispensable in another EU Member State. Article 2 states the scope: it applies to prescriptions ""issued further to a request of a patient who intends to use them in another Member State"". The patient has to ask for one; an ordinary domestic prescription does not become portable by itself.",0,0,eu-directive-2011-24|the-discharge-summary|aftercare-at-home|counterfeit-medicines|patient-data-transfer|follow-up-gap|eu-national-contact-points,s:eu-implementing-dir-2012-52|s:legislation-eu-directive-2011-24|s:who-substandard-falsified|s:nhs-eu-directive-route,cited,medium,True,2026-09-17,https://nanobotco.github.io/care-abroad/rule/cross-border-prescriptions/
donor-anonymity-law,rule,Donor anonymity,identity-release donation|open-identity donors|the right to know one's origins,global,,,,,"{""kind"": ""prohibition"", ""status"": ""in-force""}","Whether a gamete or embryo donor may remain unknown to the person conceived. In the rows below, lawful means anonymous donation is available; unlawful means identity release is compulsory and anonymity is not on offer; lawful-with-conditions means both tracks run, or only non-identifying information is released.",0,24,egg-donation|sperm-donation|ivf|spain|united-kingdom|hfea|eshre|surrogacy-law|reproductive-exile|circumvention,s:es-ley-14-2006|s:uk-donor-info-regs-2004|s:hfea-donor-info|s:de-saregg|s:nl-donor-data-act|s:se-genetic-integrity-act|s:cz-act-373-2011|s:eshre-survey-2024|s:tc-portugal-225-2018|s:sef-registro-2022|s:ecfr-21-1271|s:hcch-parentage-surrogacy,cited,medium,True,2026-09-17,https://nanobotco.github.io/care-abroad/rule/donor-anonymity-law/
eu-directive-2011-24,rule,Directive 2011/24/EU on patients' rights in cross-border healthcare,the Cross-Border Healthcare Directive|the Directive route|the patient mobility directive,europe-west|europe-central|europe-south|europe-north|europe-east,,,,,"{""kind"": ""reimbursement"", ""status"": ""in-force""}","The instrument that lets a person insured in one EU Member State buy treatment in another and claim the money back at home. It pays a refund, not a bill: the patient settles with the foreign provider first, then applies to their own system, which reimburses ""up to the level of costs that would have been assumed by the Member State of affiliation, had this healthcare been provided in its territory without exceeding the actual costs of healthcare received"" (Article 7(4)). Adopted 9 March 2011; in force across the EU, Iceland, Liechtenstein and Norway. Not open to residents of the United Kingdom since the end of the transition period.",0,0,s2-route|uk-nhs-treatment-abroad|prior-authorisation|co-payment|eu-national-contact-points|directive-2011-24-adopted|patient-data-transfer|cross-border-prescriptions|malpractice-recourse|insurance-exclusions|oecd-waiting-times,s:legislation-eu-directive-2011-24|s:eu-dir-2011-24-art-8|s:eu-directive-2011-24|s:dir-2011-24-chapter-ii|s:ec-crossborder-2022|s:eu-reg-883-2004|s:nhs-eu-directive-route,cited,high,False,2026-09-17,https://nanobotco.github.io/care-abroad/rule/eu-directive-2011-24/
gcc-sponsored-treatment-abroad,rule,Gulf state-sponsored treatment abroad,overseas medical treatment scheme|health office|medical missions,gulf|west-asia,,,,,"{""kind"": ""entitlement"", ""status"": ""in-force""}","A state programme that sends its own nationals abroad for treatment at public expense, choosing the destination, paying the hospital and paying the patient and an approved escort a daily allowance. Dubai's is written down: Administrative Resolution No. (14) of 2017 Approving the Bylaw for Sending Patients for Overseas Medical Treatment, issued by the Director General of the Dubai Health Authority on 6 February 2017 and effective from 1 February 2017.",0,0,uae|dha-dubai|uae-clinic-licensing|the-companion|dubai|saudi-arabia|who-travels|king-hussein-cancer-center,s:dubai-resolution-14-2017|s:dha-law-6-2018|s:dubai-media-office-health-2023,cited,high,False,2026-09-17,https://nanobotco.github.io/care-abroad/rule/gcc-sponsored-treatment-abroad/
gender-affirming-care-access,rule,Access to gender-affirming care,transition-related care|gender confirmation surgery access,global,,,,,"{""kind"": ""prohibition"", ""status"": ""in-force""}","Whether an adult may lawfully obtain hormone therapy and gender-affirming surgery in a given jurisdiction, under what gate, and what the law says about minors. The rows below record access to CARE. They do not record legal gender recognition — changing a name or a marker on a document — which is a separate body of law that most comparative sources run together with this one.",0,25,vaginoplasty|phalloplasty|top-surgery|thailand|turkiye|united-states|circumvention-travel|circumvention|language-consent,s:uk-gnrh-order-2024|s:tr-civil-code-art-40|s:us-skrmetti-2025|s:map-youth-care-bans|s:ar-decreto-62-2025|s:es-ley-4-2023|s:cz-act-373-2011|s:rferl-russia-gender-law-2023,cited,low,True,2026-09-17,https://nanobotco.github.io/care-abroad/rule/gender-affirming-care-access/
india-e-medical-visa,rule,India's e-Medical Visa,e-Medical Visa|e-Medical Attendant Visa|eMED|eMEDX,south-asia,IN,,,,"{""kind"": ""visa"", ""iso2"": ""IN"", ""status"": ""in-force""}","A dedicated electronic visa class for treatment in India, applied for online before travel. The Bureau of Immigration states it runs ""One year (365 days) from the date of arrival into India"" with multiple entries, and requires a ""Copy of Letter from the Hospital concerned in India on its letterhead which including the date / tentative date which admission have been suggested"". A companion class, the e-Medical Attendant Visa, runs alongside it, and the rule is numerical: ""Only two e-Medical Attendant Visas will be granted against one e-Medical Visa (patient)"".",0,0,the-visa|india|thai-medical-visa|the-companion|chennai|apollo-chennai|medical-visa|circumvention|counting-patients,s:india-emedical-visa|s:india-evisa-portal,cited,high,False,2026-09-17,https://nanobotco.github.io/care-abroad/rule/india-e-medical-visa/
insurance-exclusions,rule,Insurance exclusions for treatment abroad,elective treatment exclusion|the travel policy gap,global,,,,,"{""kind"": ""reimbursement"", ""status"": ""in-force""}","The gap between what a travel policy, a domestic health plan and a public programme each decline to pay for when someone travels abroad to be operated on. Three separate refusals that usually arrive together: the travel insurer excludes treatment that was the purpose of the trip, the home health plan excludes care delivered outside its network or its country, and the public programme excludes everything but an emergency.",0,0,reading-the-exclusions|us-medicare-abroad|repatriation-cost|revision-at-home|flying-after-surgery|eu-directive-2011-24|the-price-that-isnt|deposit-and-refund,s:gov-uk-foreign-travel-insurance|s:cdc-yellowbook-travel-insurance|s:betterhealth-vic-medical-tourism|s:medicare-travel-outside-us|s:nhs-cosmetic-surgery-abroad,cited,medium,True,2026-09-17,https://nanobotco.github.io/care-abroad/rule/insurance-exclusions/
korea-foreign-patient-registration,rule,Korea's foreign patient attraction registration,외국인환자 유치기관 등록|attraction agency registration|KHIDI registration,east-asia,KR,,,,"{""kind"": ""licensing"", ""iso2"": ""KR"", ""status"": ""in-force""}","A compulsory registration for any medical institution treating foreign patients and any agency recruiting them, under the Act on Supporting Overseas Expansion of Medical Services and Attraction of International Patients, Act No. 13599 of 22 December 2015, effective 23 June 2016. Registration runs three years and is renewed. Operating without it carries up to three years' imprisonment or a fine of up to 30 million won.",0,0,south-korea|khidi|seoul|asan-medical-center|severance|facilitator|choosing-a-facilitator|malpractice-recourse|counting-patients,s:kr-act-13599|s:khidi-medicalkorea|s:mohw-kr-foreign-patients-2024,cited,high,False,2026-09-17,https://nanobotco.github.io/care-abroad/rule/korea-foreign-patient-registration/
malaysia-mhtc-licence,rule,Malaysia's healthcare travel registration,MHTC membership|MHTC Elite Partner|Act 586 licence,southeast-asia,MY,,,,"{""kind"": ""licensing"", ""iso2"": ""MY"", ""status"": ""in-force""}","Malaysia has a statutory licence to operate a private hospital and a separate, non-statutory membership scheme for hospitals selling to foreign patients. The licence is issued under the Private Healthcare Facilities and Services Act 1998 (Act 586): no person may establish or maintain a private healthcare facility, other than a private medical or dental clinic, without the approval of the Director General of Health. The membership is the Malaysia Healthcare Travel Council's, and it is a trade register, not a permit.",0,0,malaysia|mhtc|kuala-lumpur|penang|gleneagles-kl|island-hospital-penang|jci|the-accreditation-question|advertising-rules,s:my-act-586-overview|s:malaysiahealthcare-about|s:mhtc-wikipedia|s:mhtc-mymt-2026|s:my-mab-kkliu,cited,medium,True,2026-09-17,https://nanobotco.github.io/care-abroad/rule/malaysia-mhtc-licence/
patient-data-transfer,rule,Moving a medical record across a border,health data transfer|GDPR Article 49|special category data,global,,,,,"{""kind"": ""prohibition"", ""status"": ""in-force""}","Whether a patient can obtain their own medical record, and on what terms it may be sent to another country. In the European Economic Area, Regulation (EU) 2016/679 supplies both halves: health data is special category data under Article 9, Article 15 gives a right of access, Article 20 a right to portability in some circumstances, and Article 49 sets the derogations under which a transfer to a third country may proceed without an adequacy decision.",0,0,getting-your-records|the-discharge-summary|aftercare-at-home|revision-at-home|eu-directive-2011-24|cross-border-prescriptions|implant-excluded|malpractice-recourse|language-consent,s:eu-gdpr|s:gdpr-art-15|s:gdpr-art-20|s:dir-2011-24-chapter-ii|s:legislation-eu-directive-2011-24,cited,medium,True,2026-09-17,https://nanobotco.github.io/care-abroad/rule/patient-data-transfer/
s2-route,rule,The S2 route,S2 certificate|planned treatment scheme|Article 20 authorisation|the old E112,europe-west|europe-central|europe-south|europe-north|europe-east|europe-west,,,,,"{""kind"": ""entitlement"", ""status"": ""in-force""}","Prior authorisation to be treated in another EEA state's public system at that state's expense, issued on a certificate the patient carries. It rests on Article 20 of Regulation (EC) No 883/2004 on the coordination of social security systems. Where it is granted, the patient is treated on the same terms as a resident of the destination — including that country's own co-payments — and the two states settle the cost between themselves. No invoice reaches the patient for the treatment itself.",0,0,eu-directive-2011-24|uk-nhs-treatment-abroad|prior-authorisation|co-payment|oecd-waiting-times|getting-a-quote|reading-the-exclusions,s:eu-reg-883-2004|s:nhs-s2-route|s:legislation-eu-directive-2011-24|s:ec-crossborder-2022,cited,high,False,2026-09-17,https://nanobotco.github.io/care-abroad/rule/s2-route/
schengen-medical-visa,rule,"The Schengen visa, for treatment",uniform visa|type C visa|Visa Code Annex II,europe-west|europe-central|europe-south|europe-north,,,,,"{""kind"": ""visa"", ""status"": ""in-force""}","Europe issues no dedicated treatment visa. A patient travelling to the Schengen area for care applies for the ordinary short-stay uniform visa under Regulation (EC) No 810/2009, the Community Code on Visas, and proves the purpose of the journey with a hospital document. Annex II names it: for travel undertaken for medical reasons, ""an official document of the medical institution confirming necessity for medical care in that institution and proof of sufficient financial means to pay for the medical treatment"".",0,0,the-visa|india-e-medical-visa|thai-medical-visa|insurance-exclusions|spain|germany|the-companion|counting-patients,s:eu-visa-code-810-2009|s:eu-visa-code-annex-2|s:eu-visa-code-art-14,cited,high,False,2026-09-17,https://nanobotco.github.io/care-abroad/rule/schengen-medical-visa/
stem-cell-regulation,rule,Regulating cell and tissue therapies,ATMP regulation|HCT/P|regenerative medicine law|minimal manipulation,global,,,,,"{""kind"": ""licensing"", ""status"": ""in-force""}","The law that decides whether a cell preparation is a lightly regulated tissue or a medicine requiring authorisation, and therefore whether a clinic may sell it. Three regimes sit behind most of what is advertised: the United States under 21 CFR Part 1271, the European Union under Regulation (EC) No 1394/2007 on advanced therapy medicinal products, and Japan under the Act on the Safety of Regenerative Medicine, Act No. 85 of 27 November 2013.",0,0,stem-cell-unproven|unproven-stem-cell|japan|united-states|advertising-rules|informed-consent|malpractice-recourse,s:ecfr-21-1271|s:eu-atmp-1394-2007|s:jp-asrm-2013|s:jp-asrm-review-2019|s:fda-regenerative-consumer-alert|s:fda-stem-cell-injunction-2019|s:berger-2016-global-distribution|s:turner-knoepfler-2016|s:kuriyan-stem-cell-2017,cited,medium,True,2026-09-17,https://nanobotco.github.io/care-abroad/rule/stem-cell-regulation/
surrogacy-law,rule,Surrogacy law across borders,surrogate motherhood agreements|gestational surrogacy law|parental orders,global,,,,,"{""kind"": ""prohibition"", ""status"": ""in-force""}","Where a surrogacy arrangement may lawfully be made, for whom, and on what terms. The legality rows below read one named instrument per jurisdiction, on one date. Three broad settlements recur: altruistic surrogacy permitted under a supervising body and a court, with a residence requirement that closes it to arrivals; an explicit or implicit prohibition; and no regulation at all, which is not permission but absence.",0,25,surrogacy|ivf|reproductive-exile|circumvention-travel|circumvention|donor-anonymity-law|eshre|india|thailand|greece|the-visa,s:ep-surrogacy-2025|s:hcch-parentage-surrogacy|s:in-surrogacy-act-2021|s:za-childrens-act-2005|s:uk-surrogacy-act-1985|s:uk-hfea-2008|s:ca-ahra-2004|s:es-ley-14-2006|s:stasi-thailand-art-act-2017|s:hibino-thailand-surrogacy-2020|s:ca-fam-7962|s:wp-surrogacy-laws|s:hfea-surrogacy,cited,medium,True,2026-09-17,https://nanobotco.github.io/care-abroad/rule/surrogacy-law/
thai-medical-visa,rule,Thailand's medical treatment visa,Tourist Visa (Medical Treatment)|TR (MT)|Non-Immigrant O for medical treatment,southeast-asia,TH,,,,"{""kind"": ""visa"", ""iso2"": ""TH"", ""status"": ""in-force""}","A visitor visa endorsed for medical treatment, issued by Thai embassies and consulates, admitting the holder for treatment at a hospital in Thailand. The Royal Thai Embassy in Washington describes it as allowing ""foreign nationals to stay in Thailand for up to 60 days for the purpose of recieving medical treatment"", with ""An extension for an additional 30 days"" possible, ""allowing for a maximum total stay of 90 days from the date of entry"". Longer courses run under the Non-Immigrant O category instead.",0,0,the-visa|thailand|india-e-medical-visa|bangkok|medical-visa|counting-patients|the-companion|addiction-rehab,s:thaiembassy-dc-mt-visa|s:thaiembassy-kl-mt-visa,cited,medium,True,2026-09-17,https://nanobotco.github.io/care-abroad/rule/thai-medical-visa/
transplant-prohibition,rule,"Buying an organ, and being transplanted abroad",organ trade prohibition|transplant travel|the Declaration of Istanbul,global,,,,,"{""kind"": ""prohibition"", ""status"": ""in-force""}","Two questions that are usually run together and should not be. First: may a person be paid for an organ? Almost everywhere, no, and the statutes say so in similar words. Second: may a person who lives somewhere else receive an organ here, from a local donor or a local deceased-donor pool? That is national allocation law, it varies, and it is the harder of the two to read.",0,24,kidney-transplant|liver-transplant|transplant-harm|declaration-of-istanbul-group|istanbul-declaration-2008|who|blood-supply-safety|circumvention|iran,s:who-guiding-principles|s:declaration-of-istanbul|s:godt-observatory|s:uk-human-tissue-act-s33|s:uk-human-tissue-act-2004|s:us-nota-274e|s:usc-42-274e|s:de-tpg-8|s:de-tpg|s:es-rd-1723-2012|s:sg-hota|s:tr-law-2238|s:altheaby-transplant-tourism-2022|s:neupane-liver-transplant-2021,cited,medium,True,2026-09-17,https://nanobotco.github.io/care-abroad/rule/transplant-prohibition/
turkiye-health-tourism-authorisation,rule,Türkiye's international health tourism authorisation certificate,uluslararası sağlık turizmi yetki belgesi|yetki belgesi|authorised provider list,west-asia,TR,,,,"{""kind"": ""licensing"", ""iso2"": ""TR"", ""status"": ""in-force""}","A compulsory certificate for any facility treating international patients and any intermediary bringing them, under the Uluslararası Sağlık Turizmi ve Turistin Sağlığı Hakkında Yönetmelik published in the Resmî Gazete on 26 April 2025, No. 32882. MADDE 5(1) makes it compulsory for both and splits the issuing: the Ministry of Health licenses the facility, USHAŞ licenses the intermediary. The certificate cannot be transferred, and a separate one is needed for every branch.",0,0,turkiye|turkiye-health-services-directorate|istanbul|facilitator|choosing-a-facilitator|advertising-rules|hair-transplant-fue|turkiye-hair-boom|acibadem,s:rg-saglik-turizmi-2017|s:tr-health-tourism-reg-2017|s:tr-authorised-providers|s:tr-shgm|s:ushas-saglik-turizmi-verileri|s:rg-32882-2025|s:rg-32182-2023-sac-ekimi|s:shgm-yetkili-tesisler|s:ishrs-2016-buyer-beware,cited,high,False,2026-09-17,https://nanobotco.github.io/care-abroad/rule/turkiye-health-tourism-authorisation/
uae-clinic-licensing,rule,Licensing a clinic in the United Arab Emirates,DHA licence|Sheryan|MOHAP licence|DHCC licence,gulf|west-asia,AE,,,,"{""kind"": ""licensing"", ""iso2"": ""AE"", ""status"": ""in-force""}","Health facility and professional licensing in the UAE is split by emirate and by free zone rather than run federally. In Dubai the Dubai Health Authority licenses both, under Law No. (6) of 2018 Concerning the Dubai Health Authority, through the Sheryan system — described by the Authority as the ""Digital gateway for registering and licensing healthcare professionals and facilities in Dubai"" — with a public register. Dubai Healthcare City, a free zone, is regulated by its own authority. Abu Dhabi and the northern emirates run their own arrangements.",0,0,uae|dha-dubai|dubai|american-hospital-dubai|gcc-sponsored-treatment-abroad|choosing-a-facilitator|malpractice-recourse|the-accreditation-question,s:dha-law-6-2018|s:dha-sheryan|s:dhcc|s:wp-dubai-healthcare-city|s:dubai-media-office-health-2023,cited,medium,True,2026-09-17,https://nanobotco.github.io/care-abroad/rule/uae-clinic-licensing/
uk-nhs-treatment-abroad,rule,NHS funding for treatment abroad,planned treatment abroad|the Proton Overseas Programme|S2 from England,europe-west,GB,,,,"{""kind"": ""entitlement"", ""iso2"": ""GB"", ""status"": ""in-force""}","What the National Health Service will pay for when the treatment happens outside the United Kingdom. Two channels, and they are not alike. A patient may apply for S2 authorisation to be treated in another EEA state's public system. Separately, NHS England commissions named treatments abroad and sends patients there — the Proton Overseas Programme ran that way before domestic proton centres opened. Everything else a UK resident buys abroad, the UK resident pays for.",0,0,s2-route|eu-directive-2011-24|united-kingdom|proton-therapy|revision-at-home|oecd-waiting-times|insurance-exclusions|is-it-cheaper,s:nhs-s2-route|s:nhs-eu-directive-route|s:nhs-cosmetic-surgery-abroad|s:pop-cns-outcomes|s:pop-noncns-outcomes|s:ahari-breast-unit-2024|s:gov-uk-foreign-travel-insurance|s:nhs-rtt-july-2026,cited,high,False,2026-09-17,https://nanobotco.github.io/care-abroad/rule/uk-nhs-treatment-abroad/
us-medicare-abroad,rule,Medicare outside the United States,42 CFR Part 424 Subpart H|foreign hospital services,north-america,US,,,,"{""kind"": ""entitlement"", ""iso2"": ""US"", ""status"": ""in-force""}","Medicare does not pay for healthcare outside the United States, with three narrow exceptions written into 42 CFR Part 424, Subpart H. None of them covers planned treatment. The programme's own summary: ""Medicare usually doesn't cover health care while you're traveling outside the U.S. but there are some exceptions.""",0,0,united-states|insurance-exclusions|eu-directive-2011-24|repatriation-cost|los-algodones|out-of-pocket|revision-at-home,s:medicare-travel-outside-us|s:cfr-424-122|s:cfr-424-124|s:ecfr-42-424-h|s:cdc-yellowbook-travel-insurance,cited,high,False,2026-09-17,https://nanobotco.github.io/care-abroad/rule/us-medicare-abroad/
aaci,org,American Accreditation Commission International,AACI|AACI Healthcare,global|north-america,US,Hendersonville,35.3187,-82.461,"{""kind"": ""accreditor"", ""iso2"": ""US"", ""status"": ""open""}","An independent accreditation body registered in the United States and run from Hendersonville, North Carolina. It accredits healthcare organisations and certifies clinical programmes, and holds three current ISQua EEA awards: as an organisation for 2022 to 2026, for its standards for 2023 to 2027, and for its surveyor training programme for 2024 to 2028.",0,0,isqua-ieea|jci|uae|the-accreditation-question,s:aaci-about,cited,medium,True,2026-09-16,https://nanobotco.github.io/care-abroad/org/aaci/
achsi,org,ACHS International,ACHSI|Australian Council on Healthcare Standards International,global|oceania,AU,Sydney,-33.8688,151.2093,"{""kind"": ""accreditor"", ""iso2"": ""AU"", ""founded"": 2005, ""status"": ""open""}","The international subsidiary of the Australian Council on Healthcare Standards, a not-for-profit that has developed healthcare standards since 1974 and is an authorised accrediting agency of the Australian Commission on Safety and Quality in Health Care. ACHS International is wholly owned by that parent and sells accreditation, standards, benchmarking and advisory services outside Australia, using the EQuIP standards.",0,0,australia|nabh|thai-ha-institute|isqua-ieea|the-accreditation-question,s:achsi-home|s:achs-who-we-are,cited,medium,True,2026-09-16,https://nanobotco.github.io/care-abroad/org/achsi/
cbahi,org,Saudi Central Board for Accreditation of Healthcare Institutions,CBAHI,gulf|west-asia,SA,Jeddah,21.4858,39.1925,"{""kind"": [""accreditor"", ""regulator""], ""iso2"": ""SA"", ""founded"": 2005, ""status"": ""open""}","Saudi Arabia's national healthcare accreditation body, a not-for-profit established in October 2005 on the recommendation of the Council of Health Services. It is described in the peer-reviewed literature as ""the only legally recognized institution in Saudi Arabia that evaluates all governmental and private healthcare providers"", and accreditation is mandatory for Ministry of Health hospitals. It accredits hospitals, primary healthcare centres, clinical laboratories and ambulatory centres.",0,0,saudi-arabia|jci|gcc-sponsored-treatment-abroad|isqua-ieea|the-accreditation-question,s:cbahi-jmdh-2023,cited,medium,True,2026-09-16,https://nanobotco.github.io/care-abroad/org/cbahi/
declaration-of-istanbul-group,org,Declaration of Istanbul Custodian Group,DICG,global,,,41.0082,28.9784,"{""kind"": ""ngo"", ""founded"": 2010, ""status"": ""open""}","The body that keeps the Declaration of Istanbul on Organ Trafficking and Transplant Tourism. Formed in 2010 to carry forward the 2008 Istanbul summit, sponsored by The Transplantation Society and the International Society of Nephrology, and endorsed by more than 80 international professional organisations. The Declaration was revised in 2018.",0,0,istanbul-declaration-2008|kidney-transplant|transplant-prohibition|transplant-harm|who|circumvention,s:dicg-about|s:declaration-of-istanbul,cited,high,False,2026-09-16,https://nanobotco.github.io/care-abroad/org/declaration-of-istanbul-group/
defiant,org,Defiant,defiant.to,southeast-asia|north-america,TH,Chiang Mai,18.7883,98.9853,"{""iso2"": ""TH"", ""kind"": ""facilitator"", ""status"": ""open""}","A medical-travel facilitator based in Chiang Mai, working with patients from the United States. It posts indicative prices for every procedure it routes, charges a flat fee rather than a commission on the treatment, and puts an interpreter in the consultation. As of 17 September 2026 its price index carries 73 procedures across 12 specialties, from orthopaedics and dental through cardiovascular, fertility, gender-affirming surgery and oncology to infusion therapies sold outside any approved indication.",14,0,choosing-a-facilitator|facilitator|chiang-mai|thailand|malpractice-recourse|language-consent|package-price|getting-a-quote,s:defiant-site|s:defiant-prices|s:defiant-protection,cited,medium,False,2026-09-17,https://nanobotco.github.io/care-abroad/org/defiant/
dha-dubai,org,Dubai Health Authority,DHA|هيئة الصحة بدبي,gulf|west-asia,AE,Dubai,25.2048,55.2708,"{""kind"": [""regulator"", ""ministry""], ""iso2"": ""AE"", ""founded"": 2007, ""status"": ""open""}","The health regulator of one emirate. In its own words, ""Dubai Health Authority (DHA) is the regulatory body responsible for overseeing and governing the healthcare sector in the Emirate of Dubai"", with a mandate covering ""regulating, licensing, and monitoring the delivery of healthcare services across both the public and private sectors"", and which ""also regulates, governs and manages health insurance, health investments and health tourism to enhance the sector's contribution to Dubai's economy"". Formed in 2007 under Law No. (13) and now constituted by Law No. (6) of 2018, it is one of four licensing regimes in the country: Abu Dhabi has its own authority, the northern emirates answer to the federal ministry, and Dubai Healthcare City licenses inside its own free-zone boundary.",0,0,uae|dubai|uae-clinic-licensing|gcc-sponsored-treatment-abroad|american-hospital-dubai|dental-implant|khidi|mhtc|jci|counting-patients|the-escort-burden,s:dha-about|s:dha-law-6-2018|s:dha-sheryan|s:dha-wikipedia|s:dubai-media-office-health-2023|s:dubai-resolution-14-2017|s:seoul-foreign-patients-2024,cited,medium,True,2026-09-17,https://nanobotco.github.io/care-abroad/org/dha-dubai/
dnv-healthcare,org,DNV Healthcare,DNV|Det Norske Veritas|NIAHO|DIAS,global|europe-north|north-america,NO,Høvik,59.8899,10.5233,"{""kind"": ""accreditor"", ""iso2"": ""NO"", ""founded"": 1864, ""status"": ""open""}","The healthcare accreditation arm of DNV, a Norwegian assurance and classification company founded in 1864, owned by the Det Norske Veritas Foundation and run from Høvik outside Oslo. It accredits hospitals in the United States under NIAHO, its own standard aligned to the federal Conditions of Participation, and hospitals and clinics elsewhere under DIAS. Both are built on ISO 9001 quality management.",0,0,jci|united-states|achsi|the-accreditation-question,s:dnv-niaho|s:dnv-wikipedia,cited,medium,True,2026-09-16,https://nanobotco.github.io/care-abroad/org/dnv-healthcare/
eshre,org,European Society of Human Reproduction and Embryology,ESHRE,europe-west|europe-central|europe-south|europe-north|europe-east,BE,Strombeek-Bever,50.902,4.339,"{""kind"": ""professional-society"", ""iso2"": ""BE"", ""founded"": 1985, ""status"": ""open""}","The European professional society for reproductive medicine and embryology, founded in 1985 and run from Strombeek-Bever outside Brussels. It publishes clinical guidelines and journals, certifies practitioners, and runs the European IVF Monitoring Consortium, which assembles assisted reproduction figures from national registries.",0,0,ivf|icmart|hfea|egg-donation|donor-anonymity-law|reproductive-exile|what-the-data-cannot-see,s:eshre-about|s:eshre-eim,cited,medium,True,2026-09-16,https://nanobotco.github.io/care-abroad/org/eshre/
eu-national-contact-points,org,EU National Contact Points for cross-border healthcare,NCPs|National Contact Points,europe-west|europe-central|europe-south|europe-north|europe-east,,,,,"{""kind"": ""ministry"", ""status"": ""in-force""}","The information bodies each EU member state must designate under Directive 2011/24/EU on patients' rights in cross-border healthcare. Each must give patients clear, accurate information about seeking treatment in another member state: what is covered, what needs prior authorisation, how reimbursement works, how prescriptions carry across, and how to complain. Member states report annually, and the Commission publishes the data.",0,0,eu-directive-2011-24|s2-route|eurostat|reading-the-exclusions|hungary|counting-patients,s:ec-cross-border-overview|s:eu-directive-2011-24,cited,medium,True,2026-09-16,https://nanobotco.github.io/care-abroad/org/eu-national-contact-points/
eurostat,org,Eurostat,European Statistical Office|DG ESTAT,europe-west|global,LU,Luxembourg,49.6333,6.1697,"{""kind"": ""registry"", ""iso2"": ""LU"", ""status"": ""open""}","The statistical office of the European Union, a Directorate-General of the European Commission based in the Kirchberg district of Luxembourg City. Its health care expenditure collection runs on the System of Health Accounts 2011 framework, with member states, EFTA countries and several candidates reporting annually under Commission Regulation 2015/359 and, from reference year 2021, Regulation 2021/1901.",0,0,eu-national-contact-points|oecd|hungary|what-the-data-cannot-see|eu-directive-2011-24,s:eurostat-sha11-metadata|s:eurostat-wikipedia,cited,high,False,2026-09-16,https://nanobotco.github.io/care-abroad/org/eurostat/
gha,org,Global Healthcare Accreditation,GHA,global,US,,,,"{""kind"": ""accreditor"", ""iso2"": ""US"", ""founded"": 2016, ""status"": ""open""}","An accreditation body founded in 2016 for medical travel rather than for clinical care. Its flagship standards address what it calls the medical travel care continuum across three competencies — ""Patient Experience, Sustainable Business Practices, and Patient-Focused Clinical Processes"" — from the first enquiry to recovery at home. Its founder co-founded the Medical Tourism Association, and the two remain strategic partners on training, accreditation and certification.",0,0,medical-tourism-association|isqua-ieea|jci|temos|aftercare-at-home|the-accreditation-question,s:gha-about|s:gha-accredited-list,cited,medium,True,2026-09-16,https://nanobotco.github.io/care-abroad/org/gha/
hfea,org,Human Fertilisation and Embryology Authority,HFEA,europe-west,GB,London,51.5427,-0.0052,"{""kind"": ""regulator"", ""iso2"": ""GB"", ""founded"": 1991, ""status"": ""open""}","The United Kingdom's fertility regulator, and the body that licenses every clinic in the country performing IVF, donor insemination or research on human embryos. It describes itself as ""the UK's independent regulator of fertility treatment and research using human embryos"" and ""the first statutory body of our type in the world"", set up under the Human Fertilisation and Embryology Act 1990 as an arm's-length body of the Department of Health and collecting data on every licensed treatment since 1 August 1991. It licenses, inspects, can amend, suspend or revoke a licence, publishes results clinic by clinic, and rates the extras sold alongside a cycle.",0,0,hfea-results|united-kingdom|ivf|pgt|egg-donation|egg-freezing|donor-anonymity-law|cdc-art-results|eshre|north-cyprus|reproductive-exile,s:hfea|s:hfea-about|s:hfea-key-facts|s:hfea-2024-trends|s:hfea-2024-methodology|s:hfea-choose-clinic|s:hfea-add-ons|s:hfea-pgt-a|s:hfea-cafc-consultation|s:hfea-foi|s:cdc-art-2022-summary,cited,high,False,2026-09-17,https://nanobotco.github.io/care-abroad/org/hfea/
icmart,org,International Committee for Monitoring Assisted Reproductive Technologies,ICMART|International Committee Monitoring Assisted Reproductive Technologies,global,,,,,"{""kind"": [""registry"", ""ngo""], ""founded"": 2003, ""status"": ""open""}","The world registry of assisted reproduction: an independent non-profit that describes itself as having ""taken the leading role in the development, collection and dissemination of worldwide data on assisted reproductive technology"". It began international data collection in 1989, incorporated in California as a 501(c)(3) in 2003, and is a non-State actor in official relations with the World Health Organization. With WHO it wrote the ICMART ART Glossary, the agreed definitions the field argues inside.",0,0,eshre|who|ivf|icsi|egg-donation|hfea|cdc-art-results|counting-patients|what-the-data-cannot-see,s:icmart-about|s:icmart-world-report-2017-2018,cited,medium,True,2026-09-17,https://nanobotco.github.io/care-abroad/org/icmart/
imtj,org,International Medical Travel Journal,IMTJ,global|europe-west,GB,Berkhamsted,51.76,-0.565,"{""kind"": ""trade-body"", ""iso2"": ""GB"", ""founded"": 2007, ""status"": ""unknown""}","A British trade publication covering cross-border care, established in 2007 and edited by Keith Pollard. It publishes a biweekly newsletter and news coverage, sells market reports, and runs an annual summit and the Medical Travel Awards. It was published by Intuition Communication of Berkhamsted, which LaingBuisson acquired.",0,0,keith-pollard|imtj-summit|medical-tourism-association|counting-patients|medical-travel,s:imtj-wikipedia|s:imtj-about-2010-archive|s:imtj-about-2021-archive|s:laingbuisson-intuition-2018|s:ch-laingbuisson-international|s:keithpollard-about|s:laingbuissonnews-imtj-archive,cited,low,True,2026-09-17,https://nanobotco.github.io/care-abroad/org/imtj/
isaps,org,International Society of Aesthetic Plastic Surgery,ISAPS,global,US,Lebanon,43.6423,-72.2518,"{""kind"": ""professional-society"", ""iso2"": ""US"", ""founded"": 1970, ""status"": ""open""}","The international professional society for board-certified aesthetic plastic surgeons, founded in 1970 with its charter signed at the United Nations in New York, registered at 19 Morgan Drive, Lebanon, New Hampshire, and reporting more than 6,000 members in 117 countries. It runs the annual Global Survey on aesthetic and cosmetic procedures, which is the only worldwide count of cosmetic work that exists, and therefore the source of nearly every national cosmetic figure in this directory.",0,0,liposuction|breast-augmentation|bbl|bbl-mortality|colombia|brazil|turkiye|ishrs|counting-patients|what-the-data-cannot-see,s:isaps-about|s:isaps-global-survey-2024,cited,high,False,2026-09-17,https://nanobotco.github.io/care-abroad/org/isaps/
ishrs,org,International Society of Hair Restoration Surgery,ISHRS,global,US,Elgin,42.0372,-88.2812,"{""kind"": ""professional-society"", ""iso2"": ""US"", ""founded"": 1993, ""status"": ""open""}","The international professional society for hair restoration surgeons, incorporated in 1993, run from Elgin, Illinois, and reporting 1,200 members across 80 countries. It publishes a Practice Census — a periodic questionnaire to its own members, from which it extrapolates worldwide procedure counts — and runs Fight the FIGHT, short for Fight the Fraudulent, Illicit, and Global Hair Transplants, which is the organised professional complaint about unlicensed hair-transplant work.",0,0,hair-transplant-fue|dhi-hair-transplant|fue|turkiye|istanbul|turkiye-hair-boom|revision-at-home|advertising-rules|turkiye-health-services-directorate|isaps|counting-patients,s:ishrs-about|s:ishrs-2025-census-release|s:ishrs-census-2022|s:ishrs-black-market|s:ishrs-consumer-alert|s:ishrs-unlicensed-technicians|s:ishrs-2016-buyer-beware|s:rg-32182-2023-sac-ekimi,cited,medium,True,2026-09-17,https://nanobotco.github.io/care-abroad/org/ishrs/
isqua-ieea,org,ISQua External Evaluation Association,ISQua EEA|IEEA|the accreditor of accreditors,global|europe-west,IE,Dublin,53.3498,-6.2603,"{""kind"": ""accreditor"", ""iso2"": ""IE"", ""founded"": 2018, ""status"": ""open""}","The body that assesses the bodies. Established by the International Society for Quality in Health Care in 2018 and trading from 2019, registered in Switzerland, it runs an International Accreditation Programme in four categories: health and social care standards, external evaluation organisations, surveyor training programmes, and quality and patient safety training programmes. It states plainly that it ""does not directly accredit health or social care services"".",0,0,jci|temos|gha|aaci|nabh|the-accreditation-question,s:ieea-iap|s:isqua-about,cited,high,True,2026-09-16,https://nanobotco.github.io/care-abroad/org/isqua-ieea/
jci,org,Joint Commission International,JCI,global,US,Oakbrook Terrace,41.8497,-87.9773,"{""kind"": ""accreditor"", ""iso2"": ""US"", ""founded"": 1998, ""status"": ""open""}","The international arm of the Joint Commission, the body that accredits hospitals in the United States. Founded in 1998 and run through Joint Commission Resources, a not-for-profit private affiliate, it surveys hospitals, clinics and programmes outside the United States against its own standards and grants a three-year accreditation. It is the mark most often named when a hospital abroad advertises itself to a foreign patient.",0,0,isqua-ieea|bumrungrad|jci-accredited-list|the-accreditation-question|temos|gha|thailand,s:jci-wikipedia|s:jci-accreditation,cited,medium,True,2026-09-16,https://nanobotco.github.io/care-abroad/org/jci/
khidi,org,Korea Health Industry Development Institute,KHIDI|한국보건산업진흥원,east-asia,KR,Cheongju,36.48,127.289,"{""kind"": [""ministry"", ""registry""], ""iso2"": ""KR"", ""status"": ""open""}","A government-affiliated institute under South Korea's Ministry of Health and Welfare. It develops the health industry, runs the Medical Korea programme, maintains the registration database of institutions permitted to attract foreign patients, and compiles the annual national statistics on foreign patients treated in Korea.",0,0,south-korea|seoul|korea-foreign-patient-registration|counting-patients|mhtc|what-the-data-cannot-see,s:khidi-medicalkorea|s:seoul-foreign-patients-2024,cited,medium,True,2026-09-16,https://nanobotco.github.io/care-abroad/org/khidi/
medical-tourism-association,org,Medical Tourism Association,MTA,global|north-america,US,West Palm Beach,26.7153,-80.0534,"{""kind"": ""trade-body"", ""iso2"": ""US"", ""founded"": 2007, ""status"": ""open""}","A non-profit membership organisation founded in 2007 and run from West Palm Beach, Florida, serving the industry that sells cross-border care: healthcare providers, referral organisations, insurers and governments. It runs conferences, training and certification, works with destinations on their national marketing, and is associated with the Medical Tourism Index.",0,0,gha|imtj|medical-tourism|counting-patients|keith-pollard|uae,s:mta-about|s:mti-home,cited,high,False,2026-09-16,https://nanobotco.github.io/care-abroad/org/medical-tourism-association/
mhtc,org,Malaysia Healthcare Travel Council,MHTC,southeast-asia,MY,Kuala Lumpur,3.139,101.6869,"{""kind"": ""ministry"", ""iso2"": ""MY"", ""founded"": 2005, ""status"": ""open""}","A Malaysian government agency set up in 2005 and incorporated as an independent entity in 2011 to promote and coordinate the country's healthcare travel trade. It sits under the Ministry of Health, moved to the Ministry of Finance in 2018, and works as the promoting and facilitating arm of the health ministry rather than as a licensing authority.",0,0,malaysia|malaysia-mhtc-licence|gleneagles-kl|island-hospital-penang|counting-patients|khidi,s:mhtc-wikipedia,cited,medium,True,2026-09-16,https://nanobotco.github.io/care-abroad/org/mhtc/
nabh,org,National Accreditation Board for Hospitals and Healthcare Providers,NABH,south-asia|global,IN,New Delhi,28.6139,77.209,"{""kind"": ""accreditor"", ""iso2"": ""IN"", ""founded"": 2005, ""status"": ""open""}","India's hospital accreditation board, set up in 2005 as a constituent board of the Quality Council of India. It accredits hospitals, small healthcare organisations, eye care centres, blood banks, clinics, AYUSH hospitals, ethics committees and laboratories, and its accreditation is reassessed every two years rather than every three.",0,0,india|apollo-chennai|fortis-gurgaon|jci|isqua-ieea|india-e-medical-visa,s:nabh-home|s:nabh-wikipedia,cited,medium,True,2026-09-16,https://nanobotco.github.io/care-abroad/org/nabh/
oecd,org,Organisation for Economic Co-operation and Development,OECD|OCDE,global|europe-west,FR,Paris,48.8656,2.2705,"{""kind"": ""ngo"", ""founded"": 1961, ""status"": ""open""}","An intergovernmental organisation of 38 member countries, founded in 1961 as successor to the Organisation for European Economic Co-operation of 1948, headquartered at the Château de la Muette in Paris. It publishes OECD Health Statistics, the comparative health database behind most cross-country health charts, including waiting times — the queue that sends a large share of Europe's patients abroad.",0,0,oecd-waiting-times|eurostat|who|is-it-cheaper|counting-patients|eu-directive-2011-24,s:oecd-trade-health-2011|s:oecd-wikipedia|s:oecd-health-statistics,cited,high,False,2026-09-16,https://nanobotco.github.io/care-abroad/org/oecd/
promed,org,PROMED,Council for the International Promotion of Costa Rica Medicine|Consejo para la Promoción Internacional de la Medicina de Costa Rica,central-america,CR,San José,9.9281,-84.0907,"{""kind"": ""trade-body"", ""iso2"": ""CR"", ""status"": ""open""}","Costa Rica's membership body for providers serving international patients, now run within the Cámara Costarricense de la Salud, the country's health chamber. Its members include hospitals, medical and dental clinics and spas, and affiliated businesses — recovery retreats, hotels, transport, travel facilitators, insurers, law firms, marketing agencies and consultants. It issues a Seal of Quality to members.",0,0,costa-rica|san-jose-cr|clinica-biblica|medical-tourism-association|dental-implant|choosing-a-facilitator,s:promed-salud-cr,cited,low,True,2026-09-16,https://nanobotco.github.io/care-abroad/org/promed/
temos,org,Temos International Healthcare Accreditation,Temos|Temos International GmbH,global|europe-west,DE,Bergisch Gladbach,50.9925,7.1298,"{""kind"": ""accreditor"", ""iso2"": ""DE"", ""founded"": 2010, ""status"": ""open""}","A German accreditation company founded in 2010 and run from Bergisch Gladbach, near Cologne. It accredits in six programmes — medical care, dental care, eye care, reproductive care, rehabilitation care, and medical travel coordinators — and is built around facilities that treat patients from abroad rather than around hospitals in general.",0,0,jci|gha|isqua-ieea|facilitator|choosing-a-facilitator|ivf,s:temos-company|s:temos-medical-care,cited,medium,True,2026-09-16,https://nanobotco.github.io/care-abroad/org/temos/
thai-ha-institute,org,Healthcare Accreditation Institute,HAI|HA Thailand|สถาบันรับรองคุณภาพสถานพยาบาล|สรพ.,southeast-asia,TH,Nonthaburi,13.859,100.525,"{""kind"": ""accreditor"", ""iso2"": ""TH"", ""founded"": 2009, ""status"": ""open""}","Thailand's national hospital accreditation body, a public organisation established by the Royal Decree on the Establishment of the Healthcare Accreditation Institute, B.E. 2552 (2009), with a second edition of the decree in B.E. 2562 (2019). It sets the HA standards, assesses hospitals against them, and publishes the certificate status of accredited facilities. Its motto is ""Accreditation is an Educational Process"".",0,0,thailand|bumrungrad|jci|nabh|isqua-ieea|the-accreditation-question,s:ha-thailand-home,cited,medium,True,2026-09-16,https://nanobotco.github.io/care-abroad/org/thai-ha-institute/
turkiye-health-services-directorate,org,Türkiye General Directorate of Health Services,Sağlık Hizmetleri Genel Müdürlüğü|SHGM|Sağlık Turizmi Daire Başkanlığı|Health Tourism Department,west-asia,TR,Ankara,39.9334,32.8597,"{""kind"": [""ministry"", ""regulator""], ""iso2"": ""TR"", ""status"": ""open""}","The General Directorate of Health Services inside Türkiye's Ministry of Health, and its Health Tourism Department, which issues the authorisation certificate a facility must hold before it may treat an international patient. The instrument is the Uluslararası Sağlık Turizmi ve Turistin Sağlığı Hakkında Yönetmelik, published in the Resmî Gazete on 26 April 2025, No. 32882, whose MADDE 17 repeals the regulation of 13 July 2017 that most secondary writing still cites. The directorate licenses the facility; USHAŞ, the ministry's own international health services company, licenses the intermediary.",0,0,turkiye|turkiye-health-tourism-authorisation|istanbul|hair-transplant-fue|turkiye-hair-boom|ishrs|jci|facilitator|acibadem|counting-patients,s:tr-shgm|s:rg-32882-2025|s:shgm-yetkili-tesisler|s:rg-32182-2023-sac-ekimi|s:tr-authorised-providers|s:rg-saglik-turizmi-2017|s:ushas-saglik-turizmi-verileri|s:tuik-turizm-2025,cited,high,False,2026-09-17,https://nanobotco.github.io/care-abroad/org/turkiye-health-services-directorate/
who,org,World Health Organization,WHO|OMS,global|europe-west,CH,Geneva,46.2325,6.14,"{""kind"": ""ngo"", ""founded"": 1948, ""status"": ""open""}","The United Nations health agency, established on 7 April 1948 and based in Geneva. Its governing body, the World Health Assembly, is made up of 193 member states. It publishes the Global Health Observatory, the data platform this site draws national health indicators from, and it maintains the health expenditure database the World Bank republishes.",0,0,who-global-health-observatory|world-bank-health-spending|icmart|declaration-of-istanbul-group|what-the-data-cannot-see|oecd,s:who-wikipedia|s:who-gho,cited,high,False,2026-09-16,https://nanobotco.github.io/care-abroad/org/who/
devi-shetty,person,Devi Prasad Shetty,Devi Shetty|Dr Devi Prasad Shetty,south-asia|caribbean,IN,,,,"{""role"": [""surgeon"", ""founder""], ""iso2"": ""IN""}","Cardiac surgeon, and founder and chairman of Narayana Health, the Bengaluru hospital group built on operating volume and low unit cost. The Indian Institute of Technology Kanpur's own convocation profile states it plainly: ""Dr Devi Prasad Shetty is the Founder and Chairman of Narayana Health."" He is the person most often quoted on the proposition that heart surgery gets cheaper by being done more often, which is the argument underneath a large part of this directory.",0,0,narayana-health|bengaluru|cabg|india|prathap-reddy|is-it-cheaper,s:iitk-shetty-profile|s:cureus-devi-shetty|s:hcci-about-archived|s:wp-devi-shetty|s:wp-narayana-health-2,cited,medium,True,2026-09-17,https://nanobotco.github.io/care-abroad/person/devi-shetty/
john-connell,person,John Connell,J. Connell,oceania|global,AU,,,,"{""role"": ""researcher"", ""iso2"": ""AU""}","Honorary Professor in the Faculty of Science at the University of Sydney, attached to the School of Geosciences, and the author of the first widely read academic treatment of cross-border care. His own university profile describes him as ""a social geographer with a longstanding interest in migration and development issues in the island Pacific, notably in Bougainville and Tuvalu"".",0,0,medical-tourism|who-travels|patient-mobility|australia|leigh-turner|counting-patients,s:sydney-connell-profile|s:connell-2006|s:wellcome-connell-2011|s:openlibrary-connell-medical-tourism|s:wp-john-connell,cited,high,False,2026-09-17,https://nanobotco.github.io/care-abroad/person/john-connell/
josef-woodman,person,Josef Woodman,"Josef Woodman, Patients Beyond Borders",north-america|global,US,,,,"{""role"": ""journalist"", ""iso2"": ""US""}","Author of ""Patients Beyond Borders: Everybody's Guide to Affordable, World-Class Medical Tourism"", the consumer guidebook that introduced most English-speaking readers to this subject. Open Library records the first edition on 12 March 2007, published by Healthy Travel Media. A press release from that publisher on 21 January 2020 announcing the fourth edition describes him as ""CEO of Patients Beyond Borders"", covering ""800 medical centers and clinics in 70 countries"".",0,0,facilitator|package-price|choosing-a-facilitator|medical-tourism|counting-patients|leigh-turner,s:openlibrary-pbb|s:newswise-pbb-2020|s:pbb-homepage-2026,cited,medium,True,2026-09-17,https://nanobotco.github.io/care-abroad/person/josef-woodman/
keith-pollard,person,Keith Pollard,Keith Lindsay Pollard,europe-west|global,GB,,,,"{""role"": [""journalist""], ""iso2"": ""GB""}","British healthcare publisher, consultant and editor. He founded and ran Intuition Communication, a web publishing business whose sites sold information about private treatment to UK and overseas patients, and which bought the International Medical Travel Journal in 2009. He is the journal's editor in chief and chairs the judging panel of its Medical Travel Awards. Everything this record states about his career comes from his own site or from the UK companies registry, and it says which.",0,0,imtj|imtj-summit|counting-patients|the-accreditation-question|josef-woodman|medical-travel|facilitator|united-kingdom,s:keithpollard-about|s:ch-laingbuisson-international|s:ch-04858023-officers|s:laingbuisson-intuition-2018|s:imtj-awards-2024-archive|s:imtj-wikipedia,cited,medium,True,2026-09-17,https://nanobotco.github.io/care-abroad/person/keith-pollard/
leigh-turner,person,Leigh Turner,Leigh G. Turner,north-america|global,US,,,,"{""role"": [""ethicist"", ""researcher""], ""iso2"": ""US""}","Professor in the Department of Health, Society, & Behavior at the University of California, Irvine, and Director of the UC Irvine Center for Health Ethics. His faculty page states that his ""primary research program addresses ethical, legal, social, and public health issues related to stem cells and regenerative medicine"". He has published on cross-border care since 2010 and is the principal source of counts for the American market in unapproved cell products.",0,0,stem-cell-unproven|unproven-stem-cell|stem-cell-regulation|facilitator|the-accreditation-question|united-states|josef-woodman,s:uci-leigh-turner|s:turner-2021-stem-cell-sell|s:turner-knoepfler-2016|s:turner-2011-intqhc|s:turner-2012-globalization-health,cited,high,False,2026-09-17,https://nanobotco.github.io/care-abroad/person/leigh-turner/
prathap-reddy,person,Prathap C. Reddy,Dr Prathap Chandra Reddy|Prathap Chandra Reddy,south-asia,IN,,,,"{""role"": [""founder"", ""physician""], ""iso2"": ""IN""}","The cardiologist who founded Apollo Hospitals, the first corporate hospital chain in India, and who is named on the group's own leadership page as Founder and Chairman. Apollo opened in Chennai in 1983 with 150 beds. The chain that grew from it is the single largest supplier of hospital care to foreign patients in South Asia, and the reason this directory has an India section at all.",0,0,apollo-chennai|india|chennai|devi-shetty|nabh|cabg,s:apollo-leadership|s:apolloclinic-chairman|s:wp-apollo-hospitals,cited,medium,True,2026-09-17,https://nanobotco.github.io/care-abroad/person/prathap-reddy/
covid-shutdown-2020,event,The 2020 shutdown,"COVID-19 pandemic, 2020|the year the borders closed",global,CH,Geneva,46.2333,6.05,"{""kind"": ""turning-point"", ""when"": 2020, ""status"": ""one-off""}","The year cross-border care stopped. On 11 March 2020 the Director-General of the World Health Organization told a media briefing in Geneva: ""We have therefore made the assessment that COVID-19 can be characterized as a pandemic."" Borders closed, airlines grounded, and hospitals cancelled the planned operations that are this directory's entire subject.",0,0,world-bank-tourism-arrivals|turkiye|oecd-waiting-times|turkiye-hair-boom|knee-replacement|counting-patients|who,s:who-pandemic-remarks-2020|s:unwto-2020-arrivals|s:covidsurg-bjs-2020|s:ushas-saglik-turizmi-verileri|s:tuik-turizm-2025,cited,high,False,2026-09-17,https://nanobotco.github.io/care-abroad/event/covid-shutdown-2020/
directive-2011-24-adopted,event,"Directive 2011/24/EU adopted, 9 March 2011",cross-border healthcare directive|patients' rights directive,global|europe-west|europe-central|europe-south|europe-north|europe-east,FR,Strasbourg,48.5839,7.7455,"{""kind"": ""ruling"", ""when"": 2011, ""status"": ""in-force""}","The European Parliament and the Council adopted Directive 2011/24/EU on the application of patients' rights in cross-border healthcare on 9 March 2011, signed at Strasbourg by J. Buzek for the Parliament and E. Győri for the Council. It was published in the Official Journal on 4 April 2011 at L 88/45, entered into force twenty days later, and Member States had to transpose it ""by 25 October 2013"". It is the only instrument in this directory that gives a patient a general right to be treated in another country and have the bill sent home.",0,0,eu-directive-2011-24|s2-route|eu-national-contact-points|oecd-waiting-times|patient-mobility|prior-authorisation|is-it-cheaper,s:eurlex-2011-24-oj|s:eu-directive-2011-24|s:dir-2011-24-chapter-ii|s:ec-crossborder-2022,cited,high,False,2026-09-17,https://nanobotco.github.io/care-abroad/event/directive-2011-24-adopted/
dominican-republic-ntm-outbreak,event,"The Dominican mycobacterial outbreaks, 2013–14 and 2017","NTM surgical site infections, Dominican Republic|M. abscessus cosmetic surgery cluster",caribbean|north-america,DO,Santo Domingo,18.4861,-69.9312,"{""kind"": ""outbreak"", ""when"": 2017, ""iso2"": ""DO"", ""status"": ""one-off""}",Two multi-state clusters of rapidly growing nontuberculous mycobacteria — environmental bacteria that infect surgical wounds and take months of antibiotics to clear — in United States residents who had cosmetic surgery in the Dominican Republic. The CDC published the first in MMWR in March 2014 and the second in March 2018. They are the longest published outbreak record attached to any destination in this directory.,0,0,dominican-republic|nontuberculous-mycobacteria|surgical-site-infection|mexico-fungal-meningitis-2023|liposuction|bbl|revision-at-home|follow-up-gap|counting-patients,s:mmwr-ntm-dominican-2018|s:mmwr-ntm-dominican-2014|s:cdc-yellowbook-medical-tourism,cited,high,False,2026-09-17,https://nanobotco.github.io/care-abroad/event/dominican-republic-ntm-outbreak/
imtj-summit,event,The IMTJ Medical Travel Summit and Awards,IMTJ Summit|Medical Travel Awards,global|europe-west,GB,,,,"{""kind"": ""conference"", ""founded"": 2015, ""iso2"": ""GB"", ""status"": ""suspended"", ""when"": 2019}","The trade's own annual gathering, run by the publisher of the International Medical Travel Journal alongside an awards ceremony. Five editions ran between 2015 and 2019 — Athens, Croatia, Madrid, London, then Berlin on 1 to 3 December 2019. The sixth was postponed in 2020 and this project could find no evidence that it ever ran.",0,0,imtj|keith-pollard|medical-tourism-association|the-accreditation-question|facilitator|counting-patients,s:imtj-wikipedia|s:imtj-summit-2019-archive|s:imtj-summit-2021-archive|s:imtj-awards-2024-archive|s:globalhtc-imtj-awards,cited,medium,False,2026-09-17,https://nanobotco.github.io/care-abroad/event/imtj-summit/
istanbul-declaration-2008,event,"The Declaration of Istanbul, 2008",Declaration of Istanbul on Organ Trafficking and Transplant Tourism,global|west-asia,TR,Istanbul,41.0082,28.9784,"{""kind"": ""turning-point"", ""when"": 2008, ""iso2"": ""TR"", ""status"": ""in-force""}","A consensus statement agreed at an international summit in Istanbul in 2008, convened by The Transplantation Society and the International Society of Nephrology, which defined organ trafficking, transplant commercialism and transplant tourism and called for the first two to be prohibited. It is the reason those three phrases have fixed meanings, and the reason one kind of cross-border medical travel is treated by the profession as categorically different from the rest.",0,0,declaration-of-istanbul-group|transplant-prohibition|kidney-transplant|liver-transplant|transplant-harm|who|istanbul|medical-tourism,s:doi-2008-lancet|s:doi-2018-edition|s:doi-endorsements|s:declaration-of-istanbul|s:dicg-about,cited,high,False,2026-09-17,https://nanobotco.github.io/care-abroad/event/istanbul-declaration-2008/
mexico-fungal-meningitis-2023,event,"The Matamoros fungal meningitis outbreak, 2023",Fusarium solani meningitis outbreak|Matamoros epidural outbreak,mexico|north-america,MX,Matamoros,25.8797,-97.5042,"{""kind"": ""outbreak"", ""when"": 2023, ""iso2"": ""MX"", ""status"": ""one-off""}","An outbreak of fungal meningitis among people — almost all of them residents of the United States — who had procedures under epidural anaesthesia at two clinics in Matamoros, Tamaulipas, in the first five months of 2023. Both clinics, River Side Surgical Center and Clinica K-3, were closed on 13 May 2023. By 31 August 2023 the CDC's tally stood at 10 confirmed cases, 14 probable, nine suspected, 151 persons under investigation, and 12 deaths.",0,0,mexico|fungal-meningitis|dominican-republic-ntm-outbreak|anaesthetic-risk-unscreened|follow-up-gap|revision-at-home|counting-patients,s:cdc-meningitis-matamoros|s:cdc-yellowbook-medical-tourism,cited,high,False,2026-09-17,https://nanobotco.github.io/care-abroad/event/mexico-fungal-meningitis-2023/
ndm-1-2010,event,"NDM-1, 2010",New Delhi metallo-beta-lactamase-1|the Lancet Infectious Diseases NDM-1 paper,global|south-asia|europe-west,,,,,"{""kind"": ""turning-point"", ""when"": 2010, ""status"": ""one-off""}","A study published online in August 2010 in The Lancet Infectious Diseases describing the spread of NDM-1 — New Delhi metallo-beta-lactamase-1, an enzyme that destroys carbapenems, the antibiotics kept for infections nothing else will treat — across India, Pakistan and the United Kingdom, and linking several British cases to hospital treatment taken while travelling. It is the moment antimicrobial resistance entered this subject, and the moment the subject acquired a naming dispute.",0,0,antimicrobial-resistance|india|united-kingdom|surgical-site-infection|medical-tourism|dialysis-holiday|counting-patients,s:kumarasamy-ndm1-2010|s:kumarasamy-ndm1-pmc|s:aljazeera-ndm1-india-2010|s:afp-horton-ndm1-2011|s:mohapatra-ndm1-2013,cited,high,False,2026-09-17,https://nanobotco.github.io/care-abroad/event/ndm-1-2010/
turkiye-hair-boom,event,Türkiye's hair transplant boom,Istanbul hair clinics|saç ekimi turizmi,west-asia|europe-south,TR,Istanbul,41.0082,28.9784,"{""kind"": ""turning-point"", ""when"": 2022, ""iso2"": ""TR"", ""status"": ""open""}","The growth of hair restoration surgery sold to foreign buyers in Türkiye, mostly in Istanbul, into the most visible single procedure in cross-border care. The event is dated here at 2022, the year the country's official health-travel count first passed 1.38 million, against 756,926 in 2019. No official series counts hair transplants separately, and this record carries no procedure-level total.",0,0,turkiye|istanbul|hair-transplant-fue|dhi-hair-transplant|turkiye-health-tourism-authorisation|ishrs|covid-shutdown-2020|counting-patients,s:ushas-saglik-turizmi-verileri|s:tuik-turizm-2025|s:rg-32182-2023-sac-ekimi|s:ishrs-consumer-alert|s:haider-2025-hair-transplant-tourism,cited,medium,True,2026-09-17,https://nanobotco.github.io/care-abroad/event/turkiye-hair-boom/
asa-grade,term,ASA grade,ASA physical status|ASA class|ASA PS classification,global,,,,,"{""letter"": ""A""}","A six-point scale describing how well a patient is before an operation, from ASA I, healthy, to ASA VI, declared brain-dead with organs being removed for donation, with an E appended where the surgery is an emergency. It is the shorthand every anaesthetic record in the world carries.",0,0,anaesthetic-risk-unscreened|arrival-and-consent|package-price|day-case|length-of-stay,s:statpearls-asa-physical-status|s:etymonline-anesthesia,cited,medium,True,2026-09-17,https://nanobotco.github.io/care-abroad/word/asa-grade/
bundled-payment,term,Bundled payment,episode payment|episode-based payment|global payment,global|north-america,,,,,"{""letter"": ""B""}","One payment covering everything a patient needs for a defined episode — the admission, the surgeon, the rehabilitation, the readmission if it happens — across every provider involved, for a fixed number of days after discharge. Providers who spend less than the target keep the difference; those who spend more absorb it.",0,0,package-price|drg|case-rate|knee-replacement|united-states|follow-up-gap,s:etymonline-bundle|s:etymonline-pay|s:cms-bpci|s:cms-bpci-advanced|s:cms-cjr|s:cms-team-model,cited,high,False,2026-09-17,https://nanobotco.github.io/care-abroad/word/bundled-payment/
case-rate,term,Case rate,flat rate per case|per-case payment|global fee,global|north-america,,,,,"{""letter"": ""C""}","One flat amount for one case, agreed in advance. A trade description puts it at its bluntest: under a case rate ""providers receive a flat reimbursement rate for every patient visit, no matter what service they provide"". Acuity has no bearing on the payment, which is the point and also the problem.",0,0,drg|bundled-payment|package-price|tariff|getting-a-quote,s:etymonline-case|s:etymonline-rate|s:jucm-case-rate-2017,cited,medium,False,2026-09-17,https://nanobotco.github.io/care-abroad/word/case-rate/
circumvention-travel,term,Circumvention travel,circumvention tourism|circumvention medical tourism|travel to evade a prohibition,global,,,,,"{""letter"": ""C""}","Travelling to a country where a treatment is lawful in order to have it, because it is prohibited at home. The treatment is legal where it happens. Whether the traveller's own state reaches the conduct is a separate question, and mostly it does not.",0,0,reproductive-exile|surrogacy|abortion-travel-law|assisted-dying-law|pgt|medical-tourism,s:etymonline-circumvent|s:cohen-circumvention-2012|s:cohen-patients-with-passports-2014|s:jlme-circumvention-2022,cited,high,False,2026-09-17,https://nanobotco.github.io/care-abroad/word/circumvention-travel/
co-payment,term,Co-payment,copay|copayment|patient contribution|user charge,global,,,,,"{""letter"": ""C""}","A fixed sum the patient pays for a covered service while the payer pays the rest. The US federal glossary puts it plainly: ""A fixed amount ($20, for example) you pay for a covered health care service after you've paid your deductible."" The word only means anything where somebody else is paying the remainder.",0,0,out-of-pocket|tariff|prior-authorisation|dental-implant|reading-the-exclusions,s:etymonline-pay|s:healthcare-gov-copayment|s:healthcare-gov-coinsurance|s:nhs-dental-charges,cited,high,False,2026-09-17,https://nanobotco.github.io/care-abroad/word/co-payment/
cycle,term,Cycle,IVF cycle|treatment cycle|started cycle|fresh cycle|stimulated cycle,global,,,,,"{""letter"": ""C""}","One round of stimulation, egg collection, fertilisation and transfer. It is the unit fertility treatment is sold in and the unit registers count in, and neither party has to say which of the four senses of the word they are using.",0,0,ivf|package-price|reproductive-exile|eshre|egg-freezing|getting-a-quote,s:etymonline-cycle|s:hfea-2023-trends|s:cdc-art-2022-summary|s:reprofit-pricelist-2026,cited,high,False,2026-09-17,https://nanobotco.github.io/care-abroad/word/cycle/
day-case,term,Day case,day surgery|ambulatory surgery|same-day surgery|outpatient surgery|day-care discharge,global,,,,,"{""letter"": ""D""}","Treatment that occupies a hospital bed for part of a day and no night. The OECD's definition is procedural: ""A day-care discharge is the release of a patient who was formally admitted in a hospital for receiving planned medical and paramedical services, and who was discharged on the same day."" Formal admission is the part people miss — a day case is an admission, not a clinic visit.",0,0,length-of-stay|knee-arthroscopy|package-price|the-companion|asa-grade,s:etymonline-case|s:oecd-alos-metadata-2025,cited,medium,True,2026-09-17,https://nanobotco.github.io/care-abroad/word/day-case/
drg,term,DRG,diagnosis-related group|diagnosis related group|case mix group|G-DRG|Fallpauschale,global|north-america|europe-west,,,,,"{""letter"": ""D""}","A bucket. Every inpatient stay is sorted at discharge into one group by diagnosis, procedures and complications, each group carries a weight, and the weight times a base rate is what the hospital is paid — the same amount whether the stay ran short or long. It is the unit most national hospital tariffs in the world are now built from.",0,0,tariff|case-rate|bundled-payment|length-of-stay|germany|eu-directive-2011-24,s:etymonline-diagnosis|s:fetter-drg-1980|s:pl-98-21-statute|s:cms-acute-inpatient-pps|s:cfr-409-10|s:cfr-412-2|s:cfr-412-4|s:khg-17b|s:bmg-fallpauschalen|s:hse-cbd-niphs-drg-guide|s:hse-niphs-claim,cited,high,False,2026-09-17,https://nanobotco.github.io/care-abroad/word/drg/
facilitator,term,Facilitator,broker|medical travel agency|intermediary|patient coordinator|medical travel agent,global,,,,,"{""letter"": ""F""}","The commercial party between a patient and a hospital abroad. It gathers records, produces a quote, books the surgeon, often books the flight and the hotel, and meets the patient at the airport. In most countries the job needs no licence, and the word carries no qualification with it.",0,0,choosing-a-facilitator|deposit-and-refund|package-price|temos|defiant|medical-travel,s:etymonline-facilitate|s:penney-broker-websites|s:rg-saglik-turizmi-2017|s:loc-israel-medical-tourism-law,cited,high,False,2026-09-17,https://nanobotco.github.io/care-abroad/word/facilitator/
fue,term,FUE,follicular unit excision|follicular unit extraction|FUE hair transplant,global,,,,,"{""letter"": ""F""}","Harvesting hair by cutting individual follicular units out of the donor area one at a time through small circular punches, rather than taking a strip of scalp and dissecting it. No ward, no general anaesthetic, no implant: the cost is almost entirely staff time, which is why the trade relocated to where staff time is cheaper.",0,0,graft|hair-transplant-fue|dhi-hair-transplant|istanbul|revision,s:ishrs-fue-terminology-2019|s:rassman-fue-2002|s:ishrs-fue-what-is-it,cited,high,False,2026-09-17,https://nanobotco.github.io/care-abroad/word/fue/
graft,term,Graft,follicular unit|FU|hair graft,global,,,,,"{""letter"": ""G""}","In the older surgical sense, tissue moved from one place to another and expected to take. In the hair trade — where most of this subject's graft prices come from — a graft is one follicular unit: a naturally occurring cluster of one to four hairs with its sebaceous lobules and arrector pili muscle. The unit was described histologically before it was ever sold.",0,0,fue|hair-transplant-fue|dhi-hair-transplant|istanbul|package-price,s:etymonline-graft|s:headington-1984|s:ishrs-fue-terminology-2019|s:ishrs-fue-what-is-it,cited,high,False,2026-09-17,https://nanobotco.github.io/care-abroad/word/graft/
health-tourism,term,Health tourism,sağlık turizmi|thermal tourism|spa tourism|curative tourism,global|west-asia|europe-central|europe-south,,,,,"{""letter"": ""H""}","The wider administrative category: travel for treatment, for a cure, for thermal and spa stays, and for the care of travellers who fall ill while abroad. States use it because it matches the ministries that share the file, and because it is the category their statistics can actually fill.",0,0,medical-tourism|wellness-travel|turkiye|turkiye-health-tourism-authorisation|panchakarma|counting-patients,s:etymonline-spa|s:etymonline-balneal|s:etymonline-health|s:wiktionary-de-kur|s:rg-saglik-turizmi-2017|s:ngram-naming|s:ushas-saglik-turizmi-verileri,cited,high,True,2026-09-17,https://nanobotco.github.io/care-abroad/word/health-tourism/
informed-consent,term,Informed consent,consent|valid consent|consent to treatment,global,,,,,"{""letter"": ""I""}","A patient's agreement to a procedure, given after being told what it involves, what it risks and what the alternatives are. It is a doctrine about a conversation, evidenced by a document, and the document travels much better than the conversation does.",0,0,arrival-and-consent|language-consent|second-opinion|getting-your-records|malpractice-recourse|facilitator,s:etymonline-consent|s:salgo-1957|s:schloendorff-1914|s:nuremberg-code-bmj|s:wma-helsinki|s:schenker-consent-language|s:penney-broker-consent-2011,cited,high,False,2026-09-17,https://nanobotco.github.io/care-abroad/word/informed-consent/
length-of-stay,term,Length of stay,LOS|ward nights|inpatient days|bed days,global,,,,,"{""letter"": ""L""}","How long a patient occupies a hospital bed. On a price page it is a number of nights the seller has budgeted for; in a health statistic it is a measured average across discharges. The first is a forecast and the second is a result, and the word does not distinguish them.",0,0,in-hospital|day-case|package-price|drg|knee-replacement|flying-after-surgery,s:etymonline-stay|s:bumrungrad-joint04|s:bumrungrad-joint08|s:oecd-alos-metadata-2025,cited,high,False,2026-09-17,https://nanobotco.github.io/care-abroad/word/length-of-stay/
medical-tourism,term,Medical tourism,health tourism|surgical tourism|dental tourism|cosmetic tourism|medical travel,global,,,,,"{""letter"": ""M""}","The most widely used name for travelling to another country to be treated, and the most argued-about. This site writes medical travel and cross-border care instead. The rule is stated here rather than left for a reader to infer from an absence.",0,0,medical-travel|health-tourism|reproductive-exile|circumvention-travel|patient-mobility|medical-tourism-association|imtj|philippines|counting-patients,s:etymonline-tourism|s:etymonline-tourist|s:etymonline-medical|s:etymonline-travel|s:etymonline-patient|s:sauer-1997|s:sheaff-1997|s:bishop-litch-2000|s:ngram-naming|s:oecd-lunt-scoping-2011|s:turner-beyond-2012|s:bassan-michaelsen-2013|s:pids-medical-tourism-2013|s:cdc-yellowbook-medical-tourism|s:mta-about|s:imtj-wikipedia,cited,high,False,2026-09-17,https://nanobotco.github.io/care-abroad/word/medical-tourism/
medical-travel,term,Medical travel,cross-border care|cross-border healthcare|treatment abroad|international patient services,global,,,,,"{""letter"": ""M""}","Travelling from one country to another to be treated. It is the name this site uses throughout, alongside cross-border care, and the name the trade itself has moved towards over twenty years.",0,0,medical-tourism|patient-mobility|imtj|deciding-whether|facilitator|bumrungrad,s:etymonline-travel|s:openlibrary-pbb-editions|s:openlibrary-pbb|s:schult-origins-2009|s:turner-beyond-2012|s:imtj-wikipedia,cited,medium,True,2026-09-17,https://nanobotco.github.io/care-abroad/word/medical-travel/
medical-visa,term,Medical visa,treatment visa|e-Medical Visa|medical attendant visa|health visa,global,,,,,"{""letter"": ""M""}","An entry permission issued for treatment. Some states run a dedicated class that names the hospital and admits a companion; others treat a patient arriving for surgery as an ordinary visitor. Which applies decides how long the patient may stay, whether anyone may come with them, and whether the journey appears in any official figure.",0,0,the-visa|india-e-medical-visa|schengen-medical-visa|the-companion|circumvention-travel|patient-mobility,s:etymonline-visa|s:india-emedical-visa|s:eu-visa-code-810-2009,cited,high,False,2026-09-17,https://nanobotco.github.io/care-abroad/word/medical-visa/
out-of-pocket,term,Out-of-pocket,OOP|self-pay|direct payment|out-of-pocket expenditure,global,,,,,"{""letter"": ""O""}","Money a household hands to a provider itself, rather than through a tax, a premium or a pooled fund. It is how nearly every price on this site is actually paid, and it is the one payment form with no gatekeeper, no appeal and no ceiling.",0,0,co-payment|the-deposit|tariff|prior-authorisation|world-bank-health-spending|package-price,s:etymonline-pocket|s:worldbank-oop-indicator|s:healthcare-gov-oop-max,cited,high,False,2026-09-17,https://nanobotco.github.io/care-abroad/word/out-of-pocket/
package-price,term,Package price,package|all-inclusive package|fixed-price package|surgery package,global,,,,,"{""letter"": ""P""}","One figure covering a named list of items for one episode of treatment: theatre time, a surgeon, an anaesthetist, a stated number of nights. It is the form almost every price on this site takes. Its meaning sits entirely in the two lists the seller publishes beside it — what the figure covers and what it does not.",0,0,bundled-payment|case-rate|reading-the-exclusions|implant-excluded|getting-a-quote|knee-replacement,s:etymonline-package|s:bumrungrad-joint04|s:estenove-cost,cited,high,False,2026-09-17,https://nanobotco.github.io/care-abroad/word/package-price/
patient-mobility,term,Patient mobility,cross-border healthcare|free movement of patients|the Directive route,global|europe-west|europe-central|europe-south|europe-north|europe-east,,,,,"{""letter"": ""P""}","The European Union's word for patients receiving healthcare in a member state other than the one that insures them, and being reimbursed for it at home. Two separate legal routes carry it, with different rules and different arithmetic, and a patient on the wrong one is paid on the wrong basis.",0,0,eu-directive-2011-24|s2-route|tariff|prior-authorisation|medical-travel|eu-national-contact-points,s:etymonline-mobility|s:eu-directive-2011-24|s:com-2004-301|s:ecj-decker-1998|s:ecj-kohll-1998|s:ecj-watts-2006|s:eu-reg-883-2004|s:nhs-s2-route|s:ec-crossborder-2022,cited,high,False,2026-09-17,https://nanobotco.github.io/care-abroad/word/patient-mobility/
prior-authorisation,term,Prior authorisation,prior authorization|preauthorization|pre-approval|precertification|prior approval,global,,,,,"{""letter"": ""P""}","A payer's advance decision that a treatment is medically necessary. The US federal glossary defines it as ""A decision by your health insurer or plan that a health care service, treatment plan, prescription drug or durable medical equipment is medically necessary"", sometimes called prior authorization, prior approval or precertification.",0,0,out-of-pocket|co-payment|knee-arthroscopy|disc-replacement|patient-mobility|deciding-whether,s:etymonline-authorize|s:healthcare-gov-preauthorization|s:ecfr-42-424-h|s:medicare-travel-outside-us,cited,high,False,2026-09-17,https://nanobotco.github.io/care-abroad/word/prior-authorisation/
repatriation,term,Repatriation,medical evacuation|medevac|air ambulance|repatriation of remains,global,,,,,"{""letter"": ""R""}","Moving a patient who cannot fly commercially from where they were treated to a hospital at home that can finish the job — or moving a body. It is the largest single bill in this subject, and the one least likely to be covered by the policy the traveller actually bought.",0,0,repatriation-cost|the-flight-home|flying-after-surgery|out-of-pocket|reading-the-exclusions,s:etymonline-repatriate|s:cdc-yellowbook-travel-insurance|s:cdc-yellowbook-2026-medical-tourism|s:medicare-travel-outside-us,cited,high,False,2026-09-17,https://nanobotco.github.io/care-abroad/word/repatriation/
reproductive-exile,term,Reproductive exile,cross border reproductive care|CBRC|reproductive travel,global,,,,,"{""letter"": ""R""}","Travelling abroad for fertility treatment because it is unlawful, unavailable or unaffordable at home. The phrase was proposed by clinicians and anthropologists as a correction to the leisure vocabulary, and it has been argued over ever since.",0,0,ivf|circumvention-travel|egg-donation|eshre|donor-anonymity-law|medical-tourism|cycle,s:etymonline-exile|s:matorras-2005|s:pennings-2004|s:inhorn-patrizio-2009|s:pennings-eshre-tf15-2008|s:shenfield-2010|s:bassan-michaelsen-2013,cited,high,False,2026-09-17,https://nanobotco.github.io/care-abroad/word/reproductive-exile/
revision,term,Revision,revision surgery|redo|corrective surgery|revision arthroplasty,global,,,,,"{""letter"": ""R""}","A second operation on the site of a first: an implant replaced, a nose re-cut, a sleeve converted, a graft redone. In cross-border care it is the event that decides who actually paid for the treatment, because the first price almost never covers it and the second surgeon is usually in another country.",0,0,revision-at-home|rhinoplasty|follow-up-gap|package-price|when-it-goes-wrong,s:etymonline-revision|s:thacoor-nhs-cost-2019|s:mafi-cosmetic-tourism-cost-2026|s:gmc-cosmetic-interventions,cited,high,False,2026-09-17,https://nanobotco.github.io/care-abroad/word/revision/
tariff,term,Tariff,schedule fee|fee schedule|national tariff|reimbursement rate,global,,,,,"{""letter"": ""T""}","A schedule of amounts set by a state or an insurer for named items of care. It fixes what the payer will pay, or refund, for each item. It does not fix what a provider may charge, and in most systems the gap between the two falls on the patient.",0,0,drg|case-rate|out-of-pocket|patient-mobility|hip-replacement,s:etymonline-tariff|s:mbs-49318|s:hse-cbd-niphs-drg-guide|s:nhs-payment-scheme|s:nhs-national-tariff,cited,high,False,2026-09-17,https://nanobotco.github.io/care-abroad/word/tariff/
wellness-travel,term,Wellness travel,wellness tourism|spa travel|retreat travel|high-level wellness,global,,,,,"{""letter"": ""W""}","Travel undertaken to maintain or improve wellbeing rather than to treat a condition. The body that publishes the sector's figures, the Global Wellness Institute, defines it as ""travel associated with the pursuit of maintaining or enhancing one's personal wellbeing"". It is not medicine, it is routinely counted beside medicine, and the two overlap wherever a state uses the wider health word.",0,0,health-tourism|panchakarma|executive-health-screening|medical-travel|counting-patients,s:etymonline-wellness|s:dunn-1959|s:gwi-wellness-tourism,cited,high,False,2026-09-17,https://nanobotco.github.io/care-abroad/word/wellness-travel/
cdc-art-results,dataset,CDC assisted reproductive technology results,NASS|National ART Surveillance System|ART Success Rates,global|north-america,,,,,"{""publisher"": ""US Centers for Disease Control and Prevention""}","What every reporting fertility clinic in the United States did in a year, and what came of it. ""The Fertility Clinic Success Rate and Certification Act of 1992 mandates that clinics performing ART annually provide data to CDC for ART procedures they perform"", and the CDC calculates standardised success rates from the returns. The most recent final year is 2022: ""In 2022, there were 435,426 ART cycles performed on 251,542 unique patients at 457 reporting U.S. clinics.""",0,0,hfea-results|ivf|icsi|egg-donation|united-states|counting-patients,s:cdc-art|s:cdc-nass|s:cdc-art-surveillance|s:cdc-art-interpret|s:cdc-art-about|s:cdc-art-2022-summary,cited,high,False,2026-09-17,https://nanobotco.github.io/care-abroad/dataset/cdc-art-results/
exchange-rate-table,dataset,The dated exchange rate table,rates.json|USD base rate table,global,,,,,"{""publisher"": ""ExchangeRate-API""}","One set of exchange rates, fetched once and stamped, so prices published in twenty-odd currencies can sit on a single axis. The copy on disk holds 166 currencies against the US dollar, rates dated Wednesday 16 September 2026, fetched the same day from the open endpoint of ExchangeRate-API.",0,0,package-price|the-price-that-isnt|is-it-cheaper|how-this-was-built,s:er-api|s:er-api-free-terms,harvested,high,False,2026-09-17,https://nanobotco.github.io/care-abroad/dataset/exchange-rate-table/
hfea-results,dataset,HFEA fertility treatment results,Choose a Fertility Clinic|HFEA Register|Fertility treatment: trends and figures,global|europe-west,,,,,"{""publisher"": ""HFEA""}","What every licensed fertility clinic in the United Kingdom did, and what came of it. The Human Fertilisation and Embryology Authority has collected data on all IVF and donor insemination treatments in the UK since 1 August 1991 under the Human Fertilisation and Embryology Act 1990, and publishes it two ways: an annual report, and a clinic-by-clinic comparison tool. The latest report, Fertility treatment 2024, was published on 16 June 2026 from a register snapshot taken on 6 May 2026.",0,0,hfea|ivf|cdc-art-results|reproductive-exile|north-cyprus|counting-patients|united-kingdom,s:hfea-2024-trends|s:hfea-2024-methodology|s:hfea-choose-clinic|s:hfea-key-facts|s:hfea,cited,high,False,2026-09-17,https://nanobotco.github.io/care-abroad/dataset/hfea-results/
jci-accredited-list,dataset,The JCI list of accredited organizations,JCI accredited organizations directory|Gold Seal list,global,,,,,"{""publisher"": ""Joint Commission International""}","The directory of hospitals, clinics and programmes outside the United States currently holding Joint Commission International accreditation. It is the register behind almost every accreditation claim in this trade, and the only place a reader can check whether the mark on a hospital's homepage is still live.",0,0,jci|the-accreditation-question|bumrungrad|osm-facilities|temos|isqua-ieea,s:jci-accreditation|s:jci-wikipedia,cited,medium,True,2026-09-17,https://nanobotco.github.io/care-abroad/dataset/jci-accredited-list/
natural-earth-countries,dataset,Natural Earth country outlines,ne_110m_admin_0_countries|Admin 0 – Countries,global,,,,,"{""publisher"": ""Natural Earth""}","The country shapes every map on this site is drawn with. Natural Earth's Admin 0 countries at 1:110 million, fetched once and simplified: 220 country rows, 357 rings, 6,571 coordinate pairs at two decimal places. A closer file sits beside it for the detail maps — the same 220 countries from the 1:50 million source, 1,303 rings and 29,823 points at three decimal places. Public domain, in the publisher's own words: ""No permission is needed to use Natural Earth.""",0,0,world-bank-health-spending|north-cyprus|osm-facilities|what-the-data-cannot-see|how-this-was-built,s:natural-earth|s:natural-earth-terms,harvested,high,False,2026-09-17,https://nanobotco.github.io/care-abroad/dataset/natural-earth-countries/
oecd-waiting-times,dataset,OECD waiting times for elective surgery,DSD_HEALTH_PROC@DF_WAITING|waiting times for selected elective surgeries,global,,,,,"{""publisher"": ""OECD""}","How long patients wait for seven non-emergency operations in the countries that measure it. Part of OECD Health Statistics, published with a definitions document dated 10 September 2025. The extract fetched here holds 6,609 observations from 24 countries, 2000 to 2024, covering cataract surgery, coronary angioplasty, coronary bypass, prostatectomy, hysterectomy, hip replacement and knee replacement, each pinned to ICD-9-CM procedure codes.",0,0,knee-replacement|cataract-surgery|united-kingdom|s2-route|eu-directive-2011-24|is-it-cheaper|oecd,s:oecd-waiting-definitions-2025|s:oecd-waiting-sdmx|s:oecd-health-statistics,cited,high,False,2026-09-17,https://nanobotco.github.io/care-abroad/dataset/oecd-waiting-times/
osm-facilities,dataset,"OpenStreetMap hospitals, clinics and dental surgeries",OSM facilities harvest|Overpass hub query,global,,,,,"{""publisher"": ""OpenStreetMap""}","Every named hospital, clinic and dental surgery OpenStreetMap carried within a set radius of each hub on this site, fetched through the Overpass API. The copy on disk holds 14,356 rows across 14 hubs, fetched on 16 and 17 September 2026: 5,532 tagged amenity=clinic, 5,323 amenity=hospital, 2,651 amenity=dentist, and 788 carrying a healthcare tag with no amenity tag at all.",0,0,bangkok|bengaluru|istanbul|jci-accredited-list|what-the-data-cannot-see|how-this-was-built,s:osm|s:odbl-1-0,harvested,high,False,2026-09-17,https://nanobotco.github.io/care-abroad/dataset/osm-facilities/
who-global-health-observatory,dataset,WHO Global Health Observatory,GHO|GHO OData API,global,,,,,"{""publisher"": ""World Health Organization""}","The World Health Organization's public statistics repository. In its own words, ""The GHO data repository is WHO's gateway to health-related statistics for its 194 Member States. It provides access to over 1000 indicators on priority health topics"". Its OData interface answered with 3,099 indicator records and 202 dimensions when this record was written, on 17 September 2026.",0,0,who|world-bank-health-spending|world-bank-out-of-pocket|counting-patients|what-the-data-cannot-see,s:who-gho|s:who-gho-about|s:who-gho-odata|s:who-terms-of-use,cited,high,False,2026-09-17,https://nanobotco.github.io/care-abroad/dataset/who-global-health-observatory/
world-bank-beds,dataset,"Hospital beds per 1,000 people",SH.MED.BEDS.ZS|bed density,global,,,,,"{""publisher"": ""World Bank""}","How many hospital beds a country has for every thousand residents. The World Bank republishes WHO data supplemented by country returns, under a definition that is broad on purpose: ""Hospital beds include inpatient beds available in public, private, general, and specialized hospitals and rehabilitation centers. In most cases beds for both acute and chronic care are included."" 177 codes carry a value here — the thinnest coverage of the four World Bank series on this site.",0,0,world-bank-doctors|world-bank-health-spending|south-korea|india|what-the-data-cannot-see,s:wb-hospital-beds|s:worldbank-open-data|s:who-gho,harvested,high,False,2026-09-17,https://nanobotco.github.io/care-abroad/dataset/world-bank-beds/
world-bank-doctors,dataset,"Physicians per 1,000 people","SH.MED.PHYS.ZS|doctors per 1,000|physician density",global,,,,,"{""publisher"": ""World Bank""}","How many doctors a country has for every thousand residents. The World Bank republishes it from WHO Global Health Workforce Statistics, the OECD and country returns, under a one-line definition: ""Physicians include generalist and specialist medical practitioners."" In the fetch on this disk 194 codes carry a value, and the year behind each differs — 104 stand at 2022, 58 at 2023, and the Isle of Man's at 2010.",0,0,world-bank-health-spending|world-bank-beds|thailand|india|what-the-data-cannot-see,s:wb-physicians|s:worldbank-open-data|s:who-health-workforce,harvested,high,False,2026-09-17,https://nanobotco.github.io/care-abroad/dataset/world-bank-doctors/
world-bank-health-spending,dataset,Current health expenditure per person,SH.XPD.CHEX.PC.CD|health spending per capita,global,,,,,"{""publisher"": ""World Bank""}","What a country spends on health in a year, divided by its population, in current US dollars. The World Bank republishes it from the WHO Global Health Expenditure Database. It is the series behind this site's first world map, and 193 countries carry a value.",0,0,thailand|counting-patients,s:worldbank-open-data|s:who-gho,harvested,high,False,2026-09-17,https://nanobotco.github.io/care-abroad/dataset/world-bank-health-spending/
world-bank-out-of-pocket,dataset,Out-of-pocket share of health spending,SH.XPD.OOPC.CH.ZS|OOP share,global,,,,,"{""publisher"": ""World Bank""}","What share of a country's health spending comes straight out of households' pockets, rather than from government schemes or insurance. The World Bank republishes it from the WHO Global Health Expenditure Database, which its own metadata records as updated on 12 December 2025. 193 codes carry a value here; 193 of them stand at 2023 and 24 at 2024.",0,0,world-bank-health-spending|out-of-pocket|india|nigeria|is-it-cheaper|oecd,s:wb-oop-share|s:worldbank-open-data|s:who-nha-database|s:oecd-trade-health-2011,harvested,high,False,2026-09-17,https://nanobotco.github.io/care-abroad/dataset/world-bank-out-of-pocket/
world-bank-tourism-arrivals,dataset,International arrivals,ST.INT.ARVL|international tourist arrivals,global,,,,,"{""publisher"": ""World Bank""}","How many international arrivals a country recorded in a year. The World Bank republishes it from UN Tourism's Yearbook and Compendium of Tourism Statistics. Its own definition sets the boundary: ""International inbound tourists (overnight visitors) are the number of tourists who travel to a country other than that in which they have their usual residence, but outside their usual environment, for a period not exceeding 12 months"". 199 codes carry a value here.",0,0,counting-patients|world-bank-health-spending|mexico|thailand|what-the-data-cannot-see|medical-tourism,s:wb-tourist-arrivals|s:worldbank-open-data|s:un-tourism-statistics,harvested,high,False,2026-09-17,https://nanobotco.github.io/care-abroad/dataset/world-bank-tourism-arrivals/
circumvention,story,Circumvention,doing lawfully elsewhere what is prohibited at home|the residence gate,global,,,,,"{""kind"": ""essay""}","Travelling to a country where a treatment is lawful because it is prohibited at home. The act is legal where it happens; the traveller's own state mostly does not reach it. What this page reports, from the legality rows on this site's rule records, is the shape the law actually takes: not a prohibition on going, but a residence or nationality condition attached to the lawful act at the other end, and a set of procedural gates that do the same work without naming a border.",0,0,circumvention-travel|surrogacy-law|assisted-dying-law|abortion-travel-law|donor-anonymity-law|transplant-prohibition|gender-affirming-care-access|stem-cell-regulation|reproductive-exile|surrogacy|egg-donation|spain,s:cohen-circumvention-2012|s:cohen-patients-with-passports-2014|s:jlme-circumvention-2022|s:ep-surrogacy-2025|s:in-surrogacy-act-2021|s:stasi-thailand-art-act-2017|s:es-ley-14-2006|s:uk-donor-info-regs-2004|s:sef-registro-2022|s:cz-act-66-1986|s:sg-termination-act|s:it-legge-194-1978|s:jp-maternal-health-act|s:gurtin-2011-turkey|s:es-lo-3-2021|s:fr-loi-2026-794|s:ca-criminal-code-241-2|s:or-ors-127-805|s:ch-criminal-code|s:nl-euthanasia-act-2002|s:be-euthanasia-law-2002|s:uk-suicide-act-1961|s:us-ca-hsc-443-2|s:declaration-of-istanbul|s:who-guiding-principles|s:who-gapd|s:hcch-parentage-surrogacy|s:shenfield-2010,cited,high,False,2026-09-17,https://nanobotco.github.io/care-abroad/story/circumvention/
counting-patients,story,Counting patients,how many people actually travel|the volume numbers,global,,,,,"{""kind"": ""essay""}","Why the headline figures for how many people travel for treatment cannot be added, compared or trusted as counts of people. Twelve of the 52 country records on this site carry an inbound figure. They are assembled from a trade council's member returns, a compulsory ministry register, an emirate's press release, a border exit survey of stated purpose, a visa class, a minister's statement, one pilot zone, and a hospital association counting the patients it billed. Each is described here with the unit it actually uses.",0,0,malaysia|south-korea|khidi|uae|philippines|turkiye|india|singapore|jordan|mhtc|world-bank-tourism-arrivals|what-the-data-cannot-see,s:mhtc-mymt-2026|s:mhtc-wikipedia|s:mohw-kr-foreign-patients-2024|s:khidi-medicalkorea|s:kr-act-13599|s:dubai-media-office-health-2023|s:pids-medical-tourism-2013|s:ushas-saglik-turizmi-verileri|s:pib-india-mvt-2026|s:pib-medical-wellness-tourism-2026|s:moh-sg-medical-travellers-2009|s:tehran-times-health-travel-2025|s:govcn-lecheng-2025|s:afp-tunisia-2024|s:agbi-jordan-2026|s:wb-tourist-arrivals|s:imtj-wikipedia|s:mti-home,cited,high,False,2026-09-17,https://nanobotco.github.io/care-abroad/story/counting-patients/
how-this-was-built,story,How this was built,the method|rebuilding this directory,global,,,,,"{""kind"": ""method""}","The record shape, the provenance tiers, the price rule, the law rule, the harvests and their licences, the map projection and the editorial rules — set out so that somebody with none of these files could build the same thing and check this one. Nothing on this site is medical advice or legal advice, and the rules below are most of the reason it is not.",0,0,what-the-data-cannot-see|natural-earth-countries|exchange-rate-table|osm-facilities|world-bank-health-spending|is-it-cheaper|the-price-that-isnt|circumvention|counting-patients|the-word-itself|package-price|jci-accredited-list,s:savric-equal-earth-2018|s:wp-equal-earth|s:natural-earth|s:natural-earth-terms|s:osm|s:odbl-1-0|s:worldbank-open-data|s:er-api|s:er-api-free-terms|s:who-gho|s:who-terms-of-use|s:cdc-yellowbook-2026-medical-tourism,inference,high,False,2026-09-17,https://nanobotco.github.io/care-abroad/story/how-this-was-built/
is-it-cheaper,story,Is it cheaper,"the price comparison, worked|one knee, two prices",global,,,,,"{""kind"": ""essay""}","One operation, two published prices, worked to the end. A Bangkok hospital's knee package set against an English provider's self-pay list price for the same operation, with the implant, the nights past the package, the two flights and the follow-up at home added back in one line at a time. Every figure is read off a seller's own page with its own date and put through one dated exchange-rate table. The point of the exercise is not the ratio it produces. It is the count of lines nobody publishes.",0,0,knee-replacement|bumrungrad|hip-replacement|implant-excluded|the-price-that-isnt|package-price|reading-the-exclusions|exchange-rate-table|the-follow-up-nobody-books|united-kingdom|thailand|getting-a-quote,s:bumrungrad-joint04|s:practiceplus-knee|s:practiceplus-hip|s:bumrungrad-joint08|s:defiant-prices|s:er-api|s:iata-industry-statistics|s:eplasty-cosmetic-tourism-cost|s:wounds-uk-cosmetic-tourism|s:spurzem-bariatric-tourism-2025|s:mbs-49318|s:cdc-yellowbook-travel-insurance|s:nordorthopaedics-prices,cited,high,False,2026-09-17,https://nanobotco.github.io/care-abroad/story/is-it-cheaper/
the-accreditation-question,story,The accreditation question,who inspects the inspector|reading a badge wall,global,,,,,"{""kind"": ""explainer""}","An accreditation is a fact about an inspection somebody bought. The organisation applies, the organisation pays, the survey is scheduled, and the mark runs for a fixed term. This page sets out what the fee buys, what the standards measure, what they do not, who assesses the bodies that issue them, and why the ten schemes on this site are ten different instruments wearing one word.",0,0,jci|isqua-ieea|jci-accredited-list|temos|gha|cbahi|nabh|dnv-healthcare|achsi|promed|imtj|bumrungrad,s:jci-accreditation|s:jci-wikipedia|s:ieea-iap|s:isqua-about|s:temos-company|s:temos-medical-care|s:gha-about|s:gha-accredited-list|s:aaci-about|s:nabh-home|s:nabh-wikipedia|s:cbahi-jmdh-2023|s:achsi-home|s:dnv-niaho|s:dnv-wikipedia|s:promed-salud-cr|s:imtj-wikipedia,cited,high,False,2026-09-17,https://nanobotco.github.io/care-abroad/story/the-accreditation-question/
the-follow-up-nobody-books,story,The follow-up nobody books,who takes the stitches out|where the bill for the second operation lands,global,,,,,"{""kind"": ""essay""}","The operation is bought in one country and its consequences are managed in another. Wound checks, stitch removal, physiotherapy and the first sight of a complication happen at home, performed by clinicians who were not party to the consent, did not choose the implant, hold no record beyond what the patient carries, and were paid nothing. Nine published series from four countries have costed what arrives at their own doors. None of them has a denominator, and that is the second half of the subject.",0,0,follow-up-gap|revision-at-home|aftercare-at-home|the-discharge-summary|when-it-goes-wrong|malpractice-recourse|turkiye|united-kingdom|australia|mexico|bbl|is-it-cheaper,s:nhs-cosmetic-surgery-abroad|s:eplasty-cosmetic-tourism-cost|s:wounds-uk-cosmetic-tourism|s:thacoor-nhs-cost-2019|s:farid-cosmetic-abroad-2019|s:ahari-breast-unit-2024|s:whiteman-nhs-burden-2025|s:mafi-cosmetic-tourism-cost-2026|s:spurzem-bariatric-tourism-2025|s:anzjs-cosmetic-tourism-2026|s:asps-cosmetic-tourism-2024|s:gmc-cosmetic-interventions|s:cdc-yellowbook-2026-medical-tourism|s:cdc-yellowbook-medical-tourism|s:gov-uk-foreign-travel-insurance|s:alkaelani-aesthetic-review-2023,cited,high,False,2026-09-17,https://nanobotco.github.io/care-abroad/story/the-follow-up-nobody-books/
the-price-that-isnt,story,The price that isn't,the exclusion list|what a package leaves out,global,,,,,"{""kind"": ""explainer""}","A published price covers a named list of things and excludes another named list, and across 214 price rows on this site the second list is longer than the first 68 times. This page works through the real exclusions: the implant missing from a joint package, the donor eggs missing from a donor-egg price, the lifetime multivitamins missing from a weight-loss package, the drugs missing from a fertility cycle, the second jaw missing from a full-mouth price, and the 36 rows that publish no exclusion list at all.",0,0,implant-excluded|package-price|is-it-cheaper|reading-the-exclusions|egg-donation|gastric-sleeve|ivf|all-on-four|dental-implant|pgt|getting-a-quote|knee-replacement,s:bumrungrad-joint04|s:newlife-ivf-costs|s:alo-bariatrics-cost|s:cny-ivf-cost|s:reprofit-pricelist-2026|s:pronatal-prices|s:sani-dental-prices|s:sani-price-list|s:mdental-budapest-prices|s:indexmedica-prices|s:bidc-fees|s:artplastica-cennik|s:estenove-cost|s:practiceplus-knee|s:nordorthopaedics-prices|s:defiant-prices|s:hfea-egg-freezing|s:gmc-cosmetic-interventions,cited,high,False,2026-09-17,https://nanobotco.github.io/care-abroad/story/the-price-that-isnt/
the-word-itself,story,The word itself,why this site says medical travel|the naming rule,global,,,,,"{""kind"": ""explainer""}","This site writes medical travel and cross-border care. The more familiar compound appears only inside a quotation with a speaker attached, inside a proper name, or on the word's own page, where the argument over it is the subject rather than a convention. This page states the rule and points at where the argument is set out.",0,0,medical-tourism|medical-travel|health-tourism|patient-mobility|wellness-travel|circumvention-travel|reproductive-exile|counting-patients|how-this-was-built,s:etymonline-tourism|s:etymonline-tourist|s:etymonline-travel|s:etymonline-exile|s:etymonline-mobility|s:oecd-lunt-scoping-2011|s:turner-beyond-2012|s:bassan-michaelsen-2013|s:ngram-naming|s:inhorn-patrizio-2009|s:matorras-2005|s:pennings-2004|s:cohen-circumvention-2012|s:schult-origins-2009|s:sauer-1997|s:sheaff-1997|s:rg-saglik-turizmi-2017|s:gwi-wellness-tourism|s:connell-2006,cited,high,False,2026-09-17,https://nanobotco.github.io/care-abroad/story/the-word-itself/
waiting-lists,story,The queue is the product,waiting lists|the wait,global,,,,,"{""kind"": ""essay""}","Half this directory is about money and the other half is about law, and both miss the commonest reason a person with an insured, funded, free-at-the-point-of-use operation available to them gets on a plane anyway: the operation is available in fourteen months. A queue is not a price, and no price comparison on this site can see it.",0,0,united-kingdom|canada|oecd-waiting-times|knee-replacement|hip-replacement|cataract-surgery|deciding-whether|is-it-cheaper,s:nhs-rtt-july-2026|s:cihi-wait-times-2025|s:cihi-joint-replacement-waits|s:oecd-waiting-definitions-2025,cited,high,False,2026-09-17,https://nanobotco.github.io/care-abroad/story/waiting-lists/
what-the-data-cannot-see,story,What the data cannot see,the does-not-count sentences|the inventory of the hole,global,,,,,"{""kind"": ""resources""}","Thirteen published series supply every chart, map and table on this site. Each has a record, and each record carries one sentence stating what the series does not count. This page collects those thirteen sentences. Not one of the series counts a person who crossed a border to be treated, and the pattern in how they miss it is more useful than the omission itself.",0,0,world-bank-health-spending|world-bank-tourism-arrivals|oecd-waiting-times|hfea-results|cdc-art-results|world-bank-beds|world-bank-doctors|who-global-health-observatory|jci-accredited-list|osm-facilities|natural-earth-countries|counting-patients,s:worldbank-open-data|s:wb-physicians|s:wb-hospital-beds|s:wb-oop-share|s:wb-tourist-arrivals|s:un-tourism-statistics|s:oecd-waiting-definitions-2025|s:oecd-waiting-sdmx|s:who-gho|s:who-gho-odata|s:who-terms-of-use|s:hfea-2024-trends|s:hfea-2024-methodology|s:cdc-art|s:cdc-art-2022-summary|s:cdc-art-interpret|s:jci-accreditation|s:osm|s:odbl-1-0|s:natural-earth|s:natural-earth-terms|s:er-api|s:er-api-free-terms,harvested,high,False,2026-09-17,https://nanobotco.github.io/care-abroad/story/what-the-data-cannot-see/
who-travels,story,Who travels,the flows that are actually documented|against the brochure picture,global,,,,,"{""kind"": ""essay""}","The largest flows anyone counts are not Europeans and North Americans buying cheaper surgery. They are patients moving inside their own regions, pushed by a war, by a health system that stopped working, or pulled by a state that pays for its own nationals to be treated abroad and pays their escorts a daily allowance while they are there. This page sets those flows out from the destination records, with the instrument that counted each one.",0,0,jordan|uae|gcc-sponsored-treatment-abroad|india|kenya|nigeria|israel|mexico|los-algodones|amman|the-visa|counting-patients,s:connell-2006|s:openlibrary-connell-medical-tourism|s:pib-india-mvt-2026|s:pib-medical-wellness-tourism-2026|s:agbi-jordan-2026|s:jordantimes-2016-drop|s:dubai-resolution-14-2017|s:dubai-media-office-health-2023|s:allafrica-nigeria-pate-2025|s:who-a76-15-opt|s:israel-moh-medical-tourism|s:adams-dental-tourism-2017|s:wp-los-algodones|s:spurzem-bariatric-tourism-2025|s:crush-chikanda-2015,cited,high,False,2026-09-17,https://nanobotco.github.io/care-abroad/story/who-travels/
